,profile
0,4.0
1,4.0
2,4.0
3,4.0
4,4.0
5,4.0
6,4.0
7,4.0
8,4.0
9,4.0
10,4.0
11,4.0
12,4.0
13,4.0
14,4.0
15,4.0
16,4.0
17,4.0
18,4.0
19,4.0
20,4.0
21,4.0
22,4.0
23,4.0
24,4.0
25,4.0
26,4.0
27,4.0
28,4.0
29,4.0
30,4.0
31,4.0
32,4.0
33,4.0
34,4.0
35,4.0
36,4.0
37,4.0
38,4.0
39,4.0
40,4.0
41,4.0
42,4.0
43,4.0
44,4.0
45,4.0
46,4.0
47,4.0
48,4.0
49,4.0
50,4.0
51,4.0
52,4.0
53,4.0
54,4.0
55,4.0
56,4.0
57,4.0
58,4.0
59,4.0
60,4.0
61,4.0
62,4.0
63,4.0
64,4.0
65,4.0
66,4.0
67,4.0
68,4.0
69,4.0
70,4.0
71,4.0
72,4.0
73,4.0
74,4.0
75,4.0
76,4.0
77,4.0
78,4.0
79,4.0
80,4.0
81,4.0
82,4.0
83,4.0
84,4.0
85,4.0
86,4.0
87,4.0
88,4.0
89,4.0
90,4.0
91,4.0
92,4.0
93,4.0
94,4.0
95,4.0
96,4.0
97,4.0
98,4.0
99,4.0
100,4.0
101,4.0
102,4.0
103,4.0
104,4.0
105,4.0
106,4.0
107,4.0
108,4.0
109,4.0
110,4.0
111,4.0
112,4.0
113,4.0
114,4.0
115,4.0
116,4.0
117,4.0
118,4.0
119,4.0
120,4.0
121,4.0
122,4.0
123,4.0
124,4.0
125,4.0
126,4.0
127,4.0
128,4.0
129,4.0
130,4.0
131,4.0
132,4.0
133,4.0
134,4.0
135,4.0
136,4.0
137,4.0
138,4.0
139,4.0
140,4.0
141,4.0
142,4.0
143,4.0
144,4.0
145,4.0
146,4.0
147,4.0
148,4.0
149,4.0
150,4.0
151,4.0
152,4.0
153,4.0
154,4.0
155,4.0
156,4.0
157,4.0
158,4.0
159,4.0
160,4.0
161,4.0
162,4.0
163,4.0
164,4.0
165,4.0
166,4.0
167,4.0
168,4.0
169,4.0
170,4.0
171,4.0
172,4.0
173,4.0
174,4.0
175,4.0
176,4.0
177,4.0
178,4.0
179,4.0
180,4.0
181,4.0
182,4.0
183,4.0
184,4.0
185,4.0
186,4.0
187,4.0
188,4.0
189,4.0
190,4.0
191,4.0
192,4.0
193,4.0
194,4.0
195,4.0
196,4.0
197,4.0
198,4.0
199,4.0
200,4.0
201,4.0
202,4.0
203,4.0
204,4.0
205,4.0
206,4.0
207,4.0
208,4.0
209,4.0
210,4.0
211,4.0
212,4.0
213,4.0
214,4.0
215,4.0
216,4.0
217,4.0
218,4.0
219,4.0
220,4.0
221,4.0
222,4.0
223,4.0
224,4.0
225,4.0
226,4.0
227,4.0
228,4.0
229,4.0
230,4.0
231,4.0
232,4.0
233,4.0
234,4.0
235,4.0
236,4.0
237,4.0
238,4.0
239,4.0
240,4.0
241,4.0
242,4.0
243,4.0
244,4.0
245,4.0
246,4.0
247,4.0
248,4.0
249,4.0
250,4.0
251,4.0
252,4.0
253,4.0
254,4.0
255,4.0
256,4.0
257,4.0
258,4.0
259,4.0
260,4.0
261,4.0
262,4.0
263,4.0
264,4.0
265,4.0
266,4.0
267,4.0
268,4.0
269,4.0
270,4.0
271,4.0
272,4.0
273,4.0
274,4.0
275,4.0
276,4.0
277,4.0
278,4.0
279,4.0
280,4.0
281,4.0
282,4.0
283,4.0
284,4.0
285,4.0
286,4.0
287,4.0
288,4.0
289,4.0
290,4.0
291,4.0
292,4.0
293,4.0
294,4.0
295,4.0
296,4.0
297,4.0
298,4.0
299,4.0
300,4.0
301,4.0
302,4.0
303,4.0
304,4.0
305,4.0
306,4.0
307,4.0
308,4.0
309,4.0
310,4.0
311,4.0
312,4.0
313,4.0
314,4.0
315,4.0
316,4.0
317,4.0
318,4.0
319,4.0
320,4.0
321,4.0
322,4.0
323,4.0
324,4.0
325,4.0
326,4.0
327,4.0
328,4.0
329,4.0
330,4.0
331,4.0
332,4.0
333,4.0
334,4.0
335,4.0
336,4.0
337,4.0
338,4.0
339,4.0
340,4.0
341,4.0
342,4.0
343,4.0
344,4.0
345,4.0
346,4.0
347,4.0
348,4.0
349,4.0
350,4.0
351,4.0
352,4.0
353,4.0
354,4.0
355,4.0
356,4.0
357,4.0
358,4.0
359,4.0
360,4.0
361,4.0
362,4.0
363,4.0
364,4.0
365,4.0
366,4.0
367,4.0
368,4.0
369,4.0
370,4.0
371,4.0
372,4.0
373,4.0
374,4.0
375,4.0
376,4.0
377,4.0
378,4.0
379,4.0
380,4.0
381,4.0
382,4.0
383,4.0
384,4.0
385,4.0
386,4.0
387,4.0
388,4.0
389,4.0
390,4.0
391,4.0
392,4.0
393,4.0
394,4.0
395,4.0
396,4.0
397,4.0
398,4.0
399,4.0
400,4.0
401,4.0
402,4.0
403,4.0
404,4.0
405,4.0
406,4.0
407,4.0
408,4.0
409,4.0
410,4.0
411,4.0
412,4.0
413,4.0
414,4.0
415,4.0
416,4.0
417,4.0
418,4.0
419,4.0
420,4.0
421,4.0
422,4.0
423,4.0
424,4.0
425,4.0
426,4.0
427,4.0
428,4.0
429,4.0
430,4.0
431,4.0
432,4.0
433,4.0
434,4.0
435,4.0
436,4.0
437,4.0
438,4.0
439,4.0
440,4.0
441,4.0
442,4.0
443,4.0
444,4.0
445,4.0
446,4.0
447,4.0
448,4.0
449,4.0
450,4.0
451,4.0
452,4.0
453,4.0
454,4.0
455,4.0
456,4.0
457,4.0
458,4.0
459,4.0
460,4.0
461,4.0
462,4.0
463,4.0
464,4.0
465,4.0
466,4.0
467,4.0
468,4.0
469,4.0
470,4.0
471,4.0
472,4.0
473,4.0
474,4.0
475,4.0
476,4.0
477,4.0
478,4.0
479,4.0
480,4.0
481,4.0
482,4.0
483,4.0
484,4.0
485,4.0
486,4.0
487,4.0
488,4.0
489,4.0
490,4.0
491,4.0
492,4.0
493,4.0
494,4.0
495,4.0
496,4.0
497,4.0
498,4.0
499,4.0
500,4.0
501,4.0
502,4.0
503,4.0
504,4.0
505,4.0
506,4.0
507,4.0
508,4.0
509,4.0
510,4.0
511,4.0
512,4.0
513,4.0
514,4.0
515,4.0
516,4.0
517,4.0
518,4.0
519,4.0
520,4.0
521,4.0
522,4.0
523,4.0
524,4.0
525,4.0
526,4.0
527,4.0
528,4.0
529,4.0
530,4.0
531,4.0
532,4.0
533,4.0
534,4.0
535,4.0
536,4.0
537,4.0
538,4.0
539,4.0
540,4.0
541,4.0
542,4.0
543,4.0
544,4.0
545,4.0
546,4.0
547,4.0
548,4.0
549,4.0
550,4.0
551,4.0
552,4.0
553,4.0
554,4.0
555,4.0
556,4.0
557,4.0
558,4.0
559,4.0
560,4.0
561,4.0
562,4.0
563,4.0
564,4.0
565,4.0
566,4.0
567,4.0
568,4.0
569,4.0
570,4.0
571,4.0
572,4.0
573,4.0
574,4.0
575,4.0
576,4.0
577,4.0
578,4.0
579,4.0
580,4.0
581,4.0
582,4.0
583,4.0
584,4.0
585,4.0
586,4.0
587,4.0
588,4.0
589,4.0
590,4.0
591,4.0
592,4.0
593,4.0
594,4.0
595,4.0
596,4.0
597,4.0
598,4.0
599,4.0
600,4.0
601,4.0
602,4.0
603,4.0
604,4.0
605,4.0
606,4.0
607,4.0
608,4.0
609,4.0
610,4.0
611,4.0
612,4.0
613,4.0
614,4.0
615,4.0
616,4.0
617,4.0
618,4.0
619,4.0
620,4.0
621,4.0
622,4.0
623,4.0
624,4.0
625,4.0
626,4.0
627,4.0
628,4.0
629,4.0
630,4.0
631,4.0
632,4.0
633,4.0
634,4.0
635,4.0
636,4.0
637,4.0
638,4.0
639,4.0
640,4.0
641,4.0
642,4.0
643,4.0
644,4.0
645,4.0
646,4.0
647,4.0
648,4.0
649,4.0
650,4.0
651,4.0
652,4.0
653,4.0
654,4.0
655,4.0
656,4.0
657,4.0
658,4.0
659,4.0
660,4.0
661,4.0
662,4.0
663,4.0
664,4.0
665,4.0
666,4.0
667,4.0
668,4.0
669,4.0
670,4.0
671,4.0
672,4.0
673,4.0
674,4.0
675,4.0
676,4.0
677,4.0
678,4.0
679,4.0
680,4.0
681,4.0
682,4.0
683,4.0
684,4.0
685,4.0
686,4.0
687,4.0
688,4.0
689,4.0
690,4.0
691,4.0
692,4.0
693,4.0
694,4.0
695,4.0
696,4.0
697,4.0
698,4.0
699,4.0
700,4.0
701,4.0
702,4.0
703,4.0
704,4.0
705,4.0
706,4.0
707,4.0
708,4.0
709,4.0
710,4.0
711,4.0
712,4.0
713,4.0
714,4.0
715,4.0
716,4.0
717,4.0
718,4.0
719,4.0
720,4.0
721,4.0
722,4.0
723,4.0
724,4.0
725,4.0
726,4.0
727,4.0
728,4.0
729,4.0
730,4.0
731,4.0
732,4.0
733,4.0
734,4.0
735,4.0
736,4.0
737,4.0
738,4.0
739,4.0
740,4.0
741,4.0
742,4.0
743,4.0
744,4.0
745,4.0
746,4.0
747,4.0
748,4.0
749,4.0
750,4.0
751,4.0
752,4.0
753,4.0
754,4.0
755,4.0
756,4.0
757,4.0
758,4.0
759,4.0
760,4.0
761,4.0
762,4.0
763,4.0
764,4.0
765,4.0
766,4.0
767,4.0
768,4.0
769,4.0
770,4.0
771,4.0
772,4.0
773,4.0
774,4.0
775,4.0
776,4.0
777,4.0
778,4.0
779,4.0
780,4.0
781,4.0
782,4.0
783,4.0
784,4.0
785,4.0
786,4.0
787,4.0
788,4.0
789,4.0
790,4.0
791,4.0
792,4.0
793,4.0
794,4.0
795,4.0
796,4.0
797,4.0
798,4.0
799,4.0
800,4.0
801,4.0
802,4.0
803,4.0
804,4.0
805,4.0
806,4.0
807,4.0
808,4.0
809,4.0
810,4.0
811,4.0
812,4.0
813,4.0
814,4.0
815,4.0
816,4.0
817,4.0
818,4.0
819,4.0
820,4.0
821,4.0
822,4.0
823,4.0
824,4.0
825,4.0
826,4.0
827,4.0
828,4.0
829,4.0
830,4.0
831,4.0
832,4.0
833,4.0
834,4.0
835,4.0
836,4.0
837,4.0
838,4.0
839,4.0
840,4.0
841,4.0
842,4.0
843,4.0
844,4.0
845,4.0
846,4.0
847,4.0
848,4.0
849,4.0
850,4.0
851,4.0
852,4.0
853,4.0
854,4.0
855,4.0
856,4.0
857,4.0
858,4.0
859,4.0
860,4.0
861,4.0
862,4.0
863,4.0
864,4.0
865,4.0
866,4.0
867,4.0
868,4.0
869,4.0
870,4.0
871,4.0
872,4.0
873,4.0
874,4.0
875,4.0
876,4.0
877,4.0
878,4.0
879,4.0
880,4.0
881,4.0
882,4.0
883,4.0
884,4.0
885,4.0
886,4.0
887,4.0
888,4.0
889,4.0
890,4.0
891,4.0
892,4.0
893,4.0
894,4.0
895,4.0
896,4.0
897,4.0
898,4.0
899,4.0
900,4.0
901,4.0
902,4.0
903,4.0
904,4.0
905,4.0
906,4.0
907,4.0
908,4.0
909,4.0
910,4.0
911,4.0
912,4.0
913,4.0
914,4.0
915,4.0
916,4.0
917,4.0
918,4.0
919,4.0
920,4.0
921,4.0
922,4.0
923,4.0
924,4.0
925,4.0
926,4.0
927,4.0
928,4.0
929,4.0
930,4.0
931,4.0
932,4.0
933,4.0
934,4.0
935,4.0
936,4.0
937,4.0
938,4.0
939,4.0
940,4.0
941,4.0
942,4.0
943,4.0
944,4.0
945,4.0
946,4.0
947,4.0
948,4.0
949,4.0
950,4.0
951,4.0
952,4.0
953,4.0
954,4.0
955,4.0
956,4.0
957,4.0
958,4.0
959,4.0
960,4.0
961,4.0
962,4.0
963,4.0
964,4.0
965,4.0
966,4.0
967,4.0
968,4.0
969,4.0
970,4.0
971,4.0
972,4.0
973,4.0
974,4.0
975,4.0
976,4.0
977,4.0
978,4.0
979,4.0
980,4.0
981,4.0
982,4.0
983,4.0
984,4.0
985,4.0
986,4.0
987,4.0
988,4.0
989,4.0
990,4.0
991,4.0
992,4.0
993,4.0
994,4.0
995,4.0
996,4.0
997,4.0
998,4.0
999,4.0
1000,4.0
1001,4.0
1002,4.0
1003,4.0
1004,4.0
1005,4.0
1006,4.0
1007,4.0
1008,4.0
1009,4.0
1010,4.0
1011,4.0
1012,4.0
1013,4.0
1014,4.0
1015,4.0
1016,4.0
1017,4.0
1018,4.0
1019,4.0
1020,4.0
1021,4.0
1022,4.0
1023,4.0
1024,4.0
1025,4.0
1026,4.0
1027,4.0
1028,4.0
1029,4.0
1030,4.0
1031,4.0
1032,4.0
1033,4.0
1034,4.0
1035,4.0
1036,4.0
1037,4.0
1038,4.0
1039,4.0
1040,4.0
1041,4.0
1042,4.0
1043,4.0
1044,4.0
1045,4.0
1046,4.0
1047,4.0
1048,4.0
1049,4.0
1050,4.0
1051,4.0
1052,4.0
1053,4.0
1054,4.0
1055,4.0
1056,4.0
1057,4.0
1058,4.0
1059,4.0
1060,4.0
1061,4.0
1062,4.0
1063,4.0
1064,4.0
1065,4.0
1066,4.0
1067,4.0
1068,4.0
1069,4.0
1070,4.0
1071,4.0
1072,4.0
1073,4.0
1074,4.0
1075,4.0
1076,4.0
1077,4.0
1078,4.0
1079,4.0
1080,4.0
1081,4.0
1082,4.0
1083,4.0
1084,4.0
1085,4.0
1086,4.0
1087,4.0
1088,4.0
1089,4.0
1090,4.0
1091,4.0
1092,4.0
1093,4.0
1094,4.0
1095,4.0
1096,4.0
1097,4.0
1098,4.0
1099,4.0
1100,4.0
1101,4.0
1102,4.0
1103,4.0
1104,4.0
1105,4.0
1106,4.0
1107,4.0
1108,4.0
1109,4.0
1110,4.0
1111,4.0
1112,4.0
1113,4.0
1114,4.0
1115,4.0
1116,4.0
1117,4.0
1118,4.0
1119,4.0
1120,4.0
1121,4.0
1122,4.0
1123,4.0
1124,4.0
1125,4.0
1126,4.0
1127,4.0
1128,4.0
1129,4.0
1130,4.0
1131,4.0
1132,4.0
1133,4.0
1134,4.0
1135,4.0
1136,4.0
1137,4.0
1138,4.0
1139,4.0
1140,4.0
1141,4.0
1142,4.0
1143,4.0
1144,4.0
1145,4.0
1146,4.0
1147,4.0
1148,4.0
1149,4.0
1150,4.0
1151,4.0
1152,4.0
1153,4.0
1154,4.0
1155,4.0
1156,4.0
1157,4.0
1158,4.0
1159,4.0
1160,4.0
1161,4.0
1162,4.0
1163,4.0
1164,4.0
1165,4.0
1166,4.0
1167,4.0
1168,4.0
1169,4.0
1170,4.0
1171,4.0
1172,4.0
1173,4.0
1174,4.0
1175,4.0
1176,4.0
1177,4.0
1178,4.0
1179,4.0
1180,4.0
1181,4.0
1182,4.0
1183,4.0
1184,4.0
1185,4.0
1186,4.0
1187,4.0
1188,4.0
1189,4.0
1190,4.0
1191,4.0
1192,4.0
1193,4.0
1194,4.0
1195,4.0
1196,4.0
1197,4.0
1198,4.0
1199,4.0
1200,4.0
1201,4.0
1202,4.0
1203,4.0
1204,4.0
1205,4.0
1206,4.0
1207,4.0
1208,4.0
1209,4.0
1210,4.0
1211,4.0
1212,4.0
1213,4.0
1214,4.0
1215,4.0
1216,4.0
1217,4.0
1218,4.0
1219,4.0
1220,4.0
1221,4.0
1222,4.0
1223,4.0
1224,4.0
1225,4.0
1226,4.0
1227,4.0
1228,4.0
1229,4.0
1230,4.0
1231,4.0
1232,4.0
1233,4.0
1234,4.0
1235,4.0
1236,4.0
1237,4.0
1238,4.0
1239,4.0
1240,4.0
1241,4.0
1242,4.0
1243,4.0
1244,4.0
1245,4.0
1246,4.0
1247,4.0
1248,4.0
1249,4.0
1250,4.0
1251,4.0
1252,4.0
1253,4.0
1254,4.0
1255,4.0
1256,4.0
1257,4.0
1258,4.0
1259,4.0
1260,4.0
1261,4.0
1262,4.0
1263,4.0
1264,4.0
1265,4.0
1266,4.0
1267,4.0
1268,4.0
1269,4.0
1270,4.0
1271,4.0
1272,4.0
1273,4.0
1274,4.0
1275,4.0
1276,4.0
1277,4.0
1278,4.0
1279,4.0
1280,4.0
1281,4.0
1282,4.0
1283,4.0
1284,4.0
1285,4.0
1286,4.0
1287,4.0
1288,4.0
1289,4.0
1290,4.0
1291,4.0
1292,4.0
1293,4.0
1294,4.0
1295,4.0
1296,4.0
1297,4.0
1298,4.0
1299,4.0
1300,4.0
1301,4.0
1302,4.0
1303,4.0
1304,4.0
1305,4.0
1306,4.0
1307,4.0
1308,4.0
1309,4.0
1310,4.0
1311,4.0
1312,4.0
1313,4.0
1314,4.0
1315,4.0
1316,4.0
1317,4.0
1318,4.0
1319,4.0
1320,4.0
1321,4.0
1322,4.0
1323,4.0
1324,4.0
1325,4.0
1326,4.0
1327,4.0
1328,4.0
1329,4.0
1330,4.0
1331,4.0
1332,4.0
1333,4.0
1334,4.0
1335,4.0
1336,4.0
1337,4.0
1338,4.0
1339,4.0
1340,4.0
1341,4.0
1342,4.0
1343,4.0
1344,4.0
1345,4.0
1346,4.0
1347,4.0
1348,4.0
1349,4.0
1350,4.0
1351,4.0
1352,4.0
1353,4.0
1354,4.0
1355,4.0
1356,4.0
1357,4.0
1358,4.0
1359,4.0
1360,4.0
1361,4.0
1362,4.0
1363,4.0
1364,4.0
1365,4.0
1366,4.0
1367,4.0
1368,4.0
1369,4.0
1370,4.0
1371,4.0
1372,4.0
1373,4.0
1374,4.0
1375,4.0
1376,4.0
1377,4.0
1378,4.0
1379,4.0
1380,4.0
1381,4.0
1382,4.0
1383,4.0
1384,4.0
1385,4.0
1386,4.0
1387,4.0
1388,4.0
1389,4.0
1390,4.0
1391,4.0
1392,3.8264
1393,3.8264
1394,3.8264
1395,3.8264
1396,3.8264
1397,3.8264
1398,3.8264
1399,3.8264
1400,3.8264
1401,3.8264
1402,3.8264
1403,3.8264
1404,3.8264
1405,3.8264
1406,3.8264
1407,3.8264
1408,3.8264
1409,3.8264
1410,3.8264
1411,3.8264
1412,3.8264
1413,3.8264
1414,3.8264
1415,3.8264
1416,3.8264
1417,3.8264
1418,3.8264
1419,3.8264
1420,3.8264
1421,3.8264
1422,3.8264
1423,3.8264
1424,3.8264
1425,3.8264
1426,3.8264
1427,3.8264
1428,3.8264
1429,3.8264
1430,3.8264
1431,3.8264
1432,3.8264
1433,3.8264
1434,3.8264
1435,3.8264
1436,3.8264
1437,3.8264
1438,3.8264
1439,3.8264
1440,3.8264
1441,3.8264
1442,3.8264
1443,3.8264
1444,3.8264
1445,3.8264
1446,3.8264
1447,3.8264
1448,3.8264
1449,3.8264
1450,3.8264
1451,3.8264
1452,3.8264
1453,3.8264
1454,3.8264
1455,3.8264
1456,3.8264
1457,3.8264
1458,3.8264
1459,3.8264
1460,3.8264
1461,3.8264
1462,3.8264
1463,3.8264
1464,3.8264
1465,3.8264
1466,3.8264
1467,3.8264
1468,3.8264
1469,3.8264
1470,3.8264
1471,3.8264
1472,3.8264
1473,3.8264
1474,3.8264
1475,3.8264
1476,3.8264
1477,3.8264
1478,3.8264
1479,3.8264
1480,3.8264
1481,3.8264
1482,3.8264
1483,3.8264
1484,3.8264
1485,3.8264
1486,3.8264
1487,3.8264
1488,3.8264
1489,3.8264
1490,3.8264
1491,3.8264
1492,3.8264
1493,3.8264
1494,3.8264
1495,3.8264
1496,3.8264
1497,3.8264
1498,3.8264
1499,3.8264
1500,3.8264
1501,3.8264
1502,3.8264
1503,3.8264
1504,3.8264
1505,3.8264
1506,3.8264
1507,3.8264
1508,3.8264
1509,3.8264
1510,3.8264
1511,3.8264
1512,3.8264
1513,3.8264
1514,3.8264
1515,3.8264
1516,3.8264
1517,3.8264
1518,3.8264
1519,3.8264
1520,3.8264
1521,3.8264
1522,3.8264
1523,3.8264
1524,3.8264
1525,3.8264
1526,3.8264
1527,3.8264
1528,3.8264
1529,3.8264
1530,3.8264
1531,3.8264
1532,3.8264
1533,3.8264
1534,3.8264
1535,3.8264
1536,3.8264
1537,3.8264
1538,3.8264
1539,3.8264
1540,3.8264
1541,3.8264
1542,3.8264
1543,3.8264
1544,3.8264
1545,3.8264
1546,3.8264
1547,3.8264
1548,3.8264
1549,3.8264
1550,3.8264
1551,3.8264
1552,3.8264
1553,3.8264
1554,3.8264
1555,3.8264
1556,3.8264
1557,3.8264
1558,3.8264
1559,3.8264
1560,3.8264
1561,3.8264
1562,3.8264
1563,3.8264
1564,3.8264
1565,3.8264
1566,3.8264
1567,3.8264
1568,3.8264
1569,3.8264
1570,3.8264
1571,3.8264
1572,3.8264
1573,3.8264
1574,3.8264
1575,3.8264
1576,3.8264
1577,3.8264
1578,3.8264
1579,3.8264
1580,3.8264
1581,3.8264
1582,3.8264
1583,3.8264
1584,3.8264
1585,3.8264
1586,3.8264
1587,3.8264
1588,3.8264
1589,3.8264
1590,3.8264
1591,3.8264
1592,3.8264
1593,3.8264
1594,3.8264
1595,3.8264
1596,3.8264
1597,3.8264
1598,3.8264
1599,3.8264
1600,3.8264
1601,3.8264
1602,3.8264
1603,3.8264
1604,3.8264
1605,3.8264
1606,3.8264
1607,3.8264
1608,3.8264
1609,3.8264
1610,3.8264
1611,3.8264
1612,3.8264
1613,3.8264
1614,3.8264
1615,3.8264
1616,3.8264
1617,3.8264
1618,3.8264
1619,3.8264
1620,3.8264
1621,3.8264
1622,3.8264
1623,3.8264
1624,3.8264
1625,3.8264
1626,3.8264
1627,3.8264
1628,3.8264
1629,3.8264
1630,3.8264
1631,3.8264
1632,3.8264
1633,3.8264
1634,3.8264
1635,3.8264
1636,3.8264
1637,3.8264
1638,3.8264
1639,3.8264
1640,3.8264
1641,3.8264
1642,3.8264
1643,3.8264
1644,3.8264
1645,3.8264
1646,3.8264
1647,3.8264
1648,3.8264
1649,3.8264
1650,3.8264
1651,3.8264
1652,3.8264
1653,3.8264
1654,3.8264
1655,3.8264
1656,3.8264
1657,3.8264
1658,3.8264
1659,3.8264
1660,3.8264
1661,3.8264
1662,3.8264
1663,3.8264
1664,3.8264
1665,3.8264
1666,3.8264
1667,3.8264
1668,3.8264
1669,3.8264
1670,3.8264
1671,3.8264
1672,3.8264
1673,3.8264
1674,3.8264
1675,3.8264
1676,3.8264
1677,3.8264
1678,3.8264
1679,3.8264
1680,3.8264
1681,3.8264
1682,3.8264
1683,3.8264
1684,3.8264
1685,3.8264
1686,3.8264
1687,3.8264
1688,3.8264
1689,3.8264
1690,3.8264
1691,3.8264
1692,3.8264
1693,3.8264
1694,3.8264
1695,3.8264
1696,3.8264
1697,3.8264
1698,3.8264
1699,3.8264
1700,3.8264
1701,3.8264
1702,3.8264
1703,3.8264
1704,3.8264
1705,3.8264
1706,3.8264
1707,3.8264
1708,3.8264
1709,3.8264
1710,3.8264
1711,3.8264
1712,3.8264
1713,3.8264
1714,3.8264
1715,3.8264
1716,3.8264
1717,3.8264
1718,3.8264
1719,3.8264
1720,3.8264
1721,3.8264
1722,3.8264
1723,3.8264
1724,3.8264
1725,3.8264
1726,3.8264
1727,3.8264
1728,3.8264
1729,3.8264
1730,3.8264
1731,3.8264
1732,3.8264
1733,3.8264
1734,3.8264
1735,3.8264
1736,3.8264
1737,3.8264
1738,3.8264
1739,3.8264
1740,3.8264
1741,3.8264
1742,3.8264
1743,3.8264
1744,3.8264
1745,3.8264
1746,3.8264
1747,3.8264
1748,3.8264
1749,3.8264
1750,3.8264
1751,3.8264
1752,3.8264
1753,3.8264
1754,3.8264
1755,3.8264
1756,3.8264
1757,3.8264
1758,3.8264
1759,3.8264
1760,3.8264
1761,3.8264
1762,3.8264
1763,3.8264
1764,3.8264
1765,3.8264
1766,3.8264
1767,3.8264
1768,3.8264
1769,3.8264
1770,3.8264
1771,3.8264
1772,3.8264
1773,3.8264
1774,3.8264
1775,3.8264
1776,3.8264
1777,3.8264
1778,3.8264
1779,3.8264
1780,3.8264
1781,3.8264
1782,3.8264
1783,3.8264
1784,3.8264
1785,3.8264
1786,3.8264
1787,3.8264
1788,3.8264
1789,3.8264
1790,3.8264
1791,3.8264
1792,3.8264
1793,3.8264
1794,3.8264
1795,3.8264
1796,3.8264
1797,3.8264
1798,3.8264
1799,3.8264
1800,3.8264
1801,3.8264
1802,3.8264
1803,3.8264
1804,3.8264
1805,3.8264
1806,3.8264
1807,3.8264
1808,3.8264
1809,3.8264
1810,3.8264
1811,3.8264
1812,3.8264
1813,3.8264
1814,3.8264
1815,3.8264
1816,3.8264
1817,3.8264
1818,3.8264
1819,3.8264
1820,3.8264
1821,3.8264
1822,3.8264
1823,3.8264
1824,3.8264
1825,3.8264
1826,3.8264
1827,3.8264
1828,3.8264
1829,3.8264
1830,3.8264
1831,3.8264
1832,3.8264
1833,3.8264
1834,3.8264
1835,3.8264
1836,3.8264
1837,3.8264
1838,3.8264
1839,3.8264
1840,3.8264
1841,3.8264
1842,3.8264
1843,3.8264
1844,3.8264
1845,3.8264
1846,3.8264
1847,3.8264
1848,3.8264
1849,3.8264
1850,3.8264
1851,3.8264
1852,3.8264
1853,3.8264
1854,3.8264
1855,3.8264
1856,3.8264
1857,3.8264
1858,3.8264
1859,3.8264
1860,3.8264
1861,3.8264
1862,3.8264
1863,3.8264
1864,3.8264
1865,3.8264
1866,3.8264
1867,3.8264
1868,3.8264
1869,3.8264
1870,3.8264
1871,3.8264
1872,3.8264
1873,3.8264
1874,3.8264
1875,3.8264
1876,3.8264
1877,3.8264
1878,3.8264
1879,3.8264
1880,3.8264
1881,3.8264
1882,3.8264
1883,3.8264
1884,3.8264
1885,3.8264
1886,3.8264
1887,3.8264
1888,3.8264
1889,3.8264
1890,3.8264
1891,3.8264
1892,3.8264
1893,3.8264
1894,3.8264
1895,3.8264
1896,3.8264
1897,3.8264
1898,3.8264
1899,3.8264
1900,3.8264
1901,3.8264
1902,3.8264
1903,3.8264
1904,3.8264
1905,3.8264
1906,3.8264
1907,3.8264
1908,3.8264
1909,3.8264
1910,3.8264
1911,3.8264
1912,3.8264
1913,3.8264
1914,3.8264
1915,3.8264
1916,3.8264
1917,3.8264
1918,3.8264
1919,3.8264
1920,3.8264
1921,3.8264
1922,3.8264
1923,3.8264
1924,3.8264
1925,3.8264
1926,3.8264
1927,3.8264
1928,3.8264
1929,3.8264
1930,3.8264
1931,3.8264
1932,3.8264
1933,3.8264
1934,3.8264
1935,3.8264
1936,3.8264
1937,3.8264
1938,3.8264
1939,3.8264
1940,3.8264
1941,3.8264
1942,3.8264
1943,3.8264
1944,3.8264
1945,3.8264
1946,3.8264
1947,3.8264
1948,3.8264
1949,3.8264
1950,3.8264
1951,3.8264
1952,3.8264
1953,3.8264
1954,3.8264
1955,3.8264
1956,3.8264
1957,3.8264
1958,3.8264
1959,3.8264
1960,3.8264
1961,3.8264
1962,3.8264
1963,3.8264
1964,3.8264
1965,3.8264
1966,3.8264
1967,3.8264
1968,3.8264
1969,3.8264
1970,3.8264
1971,3.8264
1972,3.8264
1973,3.8264
1974,3.8264
1975,3.8264
1976,3.8264
1977,3.8264
1978,3.8264
1979,3.8264
1980,3.8264
1981,3.8264
1982,3.8264
1983,3.8264
1984,3.8264
1985,3.8264
1986,3.8264
1987,3.8264
1988,3.8264
1989,3.8264
1990,3.8264
1991,3.8264
1992,3.8264
1993,3.8264
1994,3.8264
1995,3.8264
1996,3.8264
1997,3.8264
1998,3.8264
1999,3.8264
2000,3.8264
2001,3.8264
2002,3.8264
2003,3.8264
2004,3.8264
2005,3.8264
2006,3.8264
2007,3.8264
2008,3.8264
2009,3.8264
2010,3.8264
2011,3.8264
2012,3.8264
2013,3.8264
2014,3.8264
2015,3.8264
2016,3.8264
2017,3.8264
2018,3.8264
2019,3.8264
2020,3.8264
2021,3.8264
2022,3.8264
2023,3.8264
2024,3.8264
2025,3.8264
2026,3.8264
2027,3.8264
2028,3.8264
2029,3.8264
2030,3.8264
2031,3.8264
2032,3.8264
2033,3.8264
2034,3.8264
2035,3.8264
2036,3.8264
2037,3.8264
2038,3.8264
2039,3.8264
2040,3.8264
2041,3.8264
2042,3.8264
2043,3.8264
2044,3.8264
2045,3.8264
2046,3.8264
2047,3.8264
2048,3.8264
2049,3.8264
2050,3.8264
2051,3.8264
2052,3.8264
2053,3.8264
2054,3.8264
2055,3.8264
2056,3.8264
2057,3.8264
2058,3.8264
2059,3.8264
2060,3.8264
2061,3.8264
2062,3.8264
2063,3.8264
2064,3.8264
2065,3.8264
2066,3.8264
2067,3.8264
2068,3.8264
2069,3.8264
2070,3.8264
2071,3.8264
2072,3.8264
2073,3.8264
2074,3.8264
2075,3.8264
2076,3.8264
2077,3.8264
2078,3.8264
2079,3.8264
2080,3.8264
2081,3.8264
2082,3.8264
2083,3.8264
2084,3.8264
2085,3.8264
2086,3.8264
2087,3.8264
2088,3.8264
2089,3.8264
2090,3.8264
2091,3.8264
2092,3.8264
2093,3.8264
2094,3.8264
2095,3.8264
2096,3.8264
2097,3.8264
2098,3.8264
2099,3.8264
2100,3.8264
2101,3.8264
2102,3.8264
2103,3.8264
2104,3.8264
2105,3.8264
2106,3.8264
2107,3.8264
2108,3.8264
2109,3.8264
2110,3.8264
2111,3.8264
2112,3.8264
2113,3.8264
2114,3.8264
2115,3.8264
2116,3.8264
2117,3.8264
2118,3.8264
2119,3.8264
2120,3.8264
2121,3.8264
2122,3.8264
2123,3.8264
2124,3.8264
2125,3.8264
2126,3.8264
2127,3.8264
2128,3.8264
2129,3.8264
2130,3.8264
2131,3.8264
2132,3.8264
2133,3.8264
2134,3.8264
2135,3.8264
2136,3.6627
2137,3.6627
2138,3.6627
2139,3.6627
2140,3.6627
2141,3.6627
2142,3.6627
2143,3.6627
2144,3.6627
2145,3.6627
2146,3.6627
2147,3.6627
2148,3.6627
2149,3.6627
2150,3.6627
2151,3.6627
2152,3.6627
2153,3.6627
2154,3.6627
2155,3.6627
2156,3.6627
2157,3.6627
2158,3.6627
2159,3.6627
2160,3.6627
2161,3.6627
2162,3.6627
2163,3.6627
2164,3.6627
2165,3.6627
2166,3.6627
2167,3.6627
2168,3.6627
2169,3.6627
2170,3.6627
2171,3.6627
2172,3.6627
2173,3.6627
2174,3.6627
2175,3.6627
2176,3.6627
2177,3.6627
2178,3.6627
2179,3.6627
2180,3.6627
2181,3.6627
2182,3.6627
2183,3.6627
2184,3.6627
2185,3.6627
2186,3.6627
2187,3.6627
2188,3.6627
2189,3.6627
2190,3.6627
2191,3.6627
2192,3.6627
2193,3.6627
2194,3.6627
2195,3.6627
2196,3.6627
2197,3.6627
2198,3.6627
2199,3.6627
2200,3.6627
2201,3.6627
2202,3.6627
2203,3.6627
2204,3.6627
2205,3.6627
2206,3.6627
2207,3.6627
2208,3.6627
2209,3.6627
2210,3.6627
2211,3.6627
2212,3.6627
2213,3.6627
2214,3.6627
2215,3.6627
2216,3.6627
2217,3.6627
2218,3.6627
2219,3.6627
2220,3.6627
2221,3.6627
2222,3.6627
2223,3.6627
2224,3.6627
2225,3.6627
2226,3.6627
2227,3.6627
2228,3.6627
2229,3.6627
2230,3.6627
2231,3.6627
2232,3.6627
2233,3.6627
2234,3.6627
2235,3.6627
2236,3.6627
2237,3.6627
2238,3.6627
2239,3.6627
2240,3.6627
2241,3.6627
2242,3.6627
2243,3.6627
2244,3.6627
2245,3.6627
2246,3.6627
2247,3.6627
2248,3.6627
2249,3.6627
2250,3.6627
2251,3.6627
2252,3.6627
2253,3.6627
2254,3.6627
2255,3.6627
2256,3.6627
2257,3.6627
2258,3.6627
2259,3.6627
2260,3.6627
2261,3.6627
2262,3.6627
2263,3.6627
2264,3.6627
2265,3.6627
2266,3.6627
2267,3.6627
2268,3.6627
2269,3.6627
2270,3.6627
2271,3.6627
2272,3.6627
2273,3.6627
2274,3.6627
2275,3.6627
2276,3.6627
2277,3.6627
2278,3.6627
2279,3.6627
2280,3.6627
2281,3.6627
2282,3.6627
2283,3.6627
2284,3.6627
2285,3.6627
2286,3.6627
2287,3.6627
2288,3.6627
2289,3.6627
2290,3.6627
2291,3.6627
2292,3.6627
2293,3.6627
2294,3.6627
2295,3.6627
2296,3.6627
2297,3.6627
2298,3.6627
2299,3.6627
2300,3.6627
2301,3.6627
2302,3.6627
2303,3.6627
2304,3.6627
2305,3.6627
2306,3.6627
2307,3.6627
2308,3.6627
2309,3.6627
2310,3.6627
2311,3.6627
2312,3.6627
2313,3.6627
2314,3.6627
2315,3.6627
2316,3.6627
2317,3.6627
2318,3.6627
2319,3.6627
2320,3.6627
2321,3.6627
2322,3.6627
2323,3.6627
2324,3.6627
2325,3.6627
2326,3.6627
2327,3.6627
2328,3.6627
2329,3.6627
2330,3.6627
2331,3.6627
2332,3.6627
2333,3.6627
2334,3.6627
2335,3.6627
2336,3.6627
2337,3.6627
2338,3.6627
2339,3.6627
2340,3.6627
2341,3.6627
2342,3.6627
2343,3.6627
2344,3.6627
2345,3.6627
2346,3.6627
2347,3.6627
2348,3.6627
2349,3.6627
2350,3.6627
2351,3.6627
2352,3.6627
2353,3.6627
2354,3.6627
2355,3.6627
2356,3.6627
2357,3.6627
2358,3.6627
2359,3.6627
2360,3.6627
2361,3.6627
2362,3.6627
2363,3.6627
2364,3.6627
2365,3.6627
2366,3.6627
2367,3.6627
2368,3.6627
2369,3.6627
2370,3.6627
2371,3.6627
2372,3.6627
2373,3.6627
2374,3.6627
2375,3.6627
2376,3.6627
2377,3.6627
2378,3.6627
2379,3.6627
2380,3.6627
2381,3.6627
2382,3.6627
2383,3.6627
2384,3.6627
2385,3.6627
2386,3.6627
2387,3.6627
2388,3.6627
2389,3.6627
2390,3.6627
2391,3.6627
2392,3.6627
2393,3.6627
2394,3.6627
2395,3.6627
2396,3.6627
2397,3.6627
2398,3.6627
2399,3.6627
2400,3.6627
2401,3.6627
2402,3.6627
2403,3.6627
2404,3.6627
2405,3.6627
2406,3.6627
2407,3.6627
2408,3.6627
2409,3.6627
2410,3.6627
2411,3.6627
2412,3.6627
2413,3.6627
2414,3.6627
2415,3.6627
2416,3.6627
2417,3.6627
2418,3.6627
2419,3.6627
2420,3.6627
2421,3.6627
2422,3.6627
2423,3.6627
2424,3.6627
2425,3.6627
2426,3.6627
2427,3.6627
2428,3.6627
2429,3.6627
2430,3.6627
2431,3.6627
2432,3.6627
2433,3.6627
2434,3.6627
2435,3.6627
2436,3.6627
2437,3.6627
2438,3.6627
2439,3.6627
2440,3.6627
2441,3.6627
2442,3.6627
2443,3.6627
2444,3.6627
2445,3.6627
2446,3.6627
2447,3.6627
2448,3.6627
2449,3.6627
2450,3.6627
2451,3.6627
2452,3.6627
2453,3.6627
2454,3.6627
2455,3.6627
2456,3.6627
2457,3.6627
2458,3.6627
2459,3.6627
2460,3.6627
2461,3.6627
2462,3.6627
2463,3.6627
2464,3.6627
2465,3.6627
2466,3.6627
2467,3.6627
2468,3.6627
2469,3.6627
2470,3.6627
2471,3.6627
2472,3.6627
2473,3.6627
2474,3.6627
2475,3.6627
2476,3.6627
2477,3.6627
2478,3.6627
2479,3.6627
2480,3.6627
2481,3.6627
2482,3.6627
2483,3.6627
2484,3.6627
2485,3.6627
2486,3.6627
2487,3.6627
2488,3.6627
2489,3.6627
2490,3.6627
2491,3.6627
2492,3.6627
2493,3.6627
2494,3.6627
2495,3.6627
2496,3.6627
2497,3.6627
2498,3.6627
2499,3.6627
2500,3.6627
2501,3.6627
2502,3.6627
2503,3.6627
2504,3.6627
2505,3.6627
2506,3.6627
2507,3.6627
2508,3.6627
2509,3.6627
2510,3.6627
2511,3.6627
2512,3.6627
2513,3.6627
2514,3.6627
2515,3.6627
2516,3.6627
2517,3.6627
2518,3.6627
2519,3.6627
2520,3.6627
2521,3.6627
2522,3.6627
2523,3.6627
2524,3.6627
2525,3.6627
2526,3.6627
2527,3.6627
2528,3.6627
2529,3.6627
2530,3.6627
2531,3.6627
2532,3.6627
2533,3.6627
2534,3.6627
2535,3.6627
2536,3.6627
2537,3.6627
2538,3.6627
2539,3.6627
2540,3.6627
2541,3.6627
2542,3.6627
2543,3.6627
2544,3.6627
2545,3.6627
2546,3.6627
2547,3.6627
2548,3.6627
2549,3.6627
2550,3.6627
2551,3.6627
2552,3.6627
2553,3.6627
2554,3.6627
2555,3.6627
2556,3.6627
2557,3.6627
2558,3.6627
2559,3.6627
2560,3.6627
2561,3.6627
2562,3.6627
2563,3.6627
2564,3.6627
2565,3.6627
2566,3.6627
2567,3.6627
2568,3.6627
2569,3.6627
2570,3.6627
2571,3.6627
2572,3.6627
2573,3.6627
2574,3.6627
2575,3.6627
2576,3.6627
2577,3.6627
2578,3.6627
2579,3.6627
2580,3.6627
2581,3.6627
2582,3.6627
2583,3.6627
2584,3.6627
2585,3.6627
2586,3.6627
2587,3.6627
2588,3.6627
2589,3.6627
2590,3.6627
2591,3.6627
2592,3.6627
2593,3.6627
2594,3.6627
2595,3.6627
2596,3.6627
2597,3.6627
2598,3.6627
2599,3.6627
2600,3.6627
2601,3.6627
2602,3.6627
2603,3.6627
2604,3.6627
2605,3.6627
2606,3.6627
2607,3.6627
2608,3.6627
2609,3.6627
2610,3.6627
2611,3.6627
2612,3.6627
2613,3.6627
2614,3.6627
2615,3.6627
2616,3.6627
2617,3.6627
2618,3.6627
2619,3.6627
2620,3.6627
2621,3.6627
2622,3.6627
2623,3.6627
2624,3.6627
2625,3.6627
2626,3.6627
2627,3.6627
2628,3.6627
2629,3.6627
2630,3.6627
2631,3.6627
2632,3.6627
2633,3.6627
2634,3.6627
2635,3.6627
2636,3.6627
2637,3.6627
2638,3.6627
2639,3.6627
2640,3.6627
2641,3.6627
2642,3.6627
2643,3.6627
2644,3.6627
2645,3.6627
2646,3.6627
2647,3.6627
2648,3.6627
2649,3.6627
2650,3.6627
2651,3.6627
2652,3.6627
2653,3.6627
2654,3.6627
2655,3.6627
2656,3.6627
2657,3.6627
2658,3.6627
2659,3.6627
2660,3.6627
2661,3.6627
2662,3.6627
2663,3.6627
2664,3.6627
2665,3.6627
2666,3.6627
2667,3.6627
2668,3.6627
2669,3.6627
2670,3.6627
2671,3.6627
2672,3.6627
2673,3.6627
2674,3.6627
2675,3.6627
2676,3.6627
2677,3.6627
2678,3.6627
2679,3.6627
2680,3.6627
2681,3.6627
2682,3.6627
2683,3.6627
2684,3.6627
2685,3.6627
2686,3.6627
2687,3.6627
2688,3.6627
2689,3.6627
2690,3.6627
2691,3.6627
2692,3.6627
2693,3.6627
2694,3.6627
2695,3.6627
2696,3.6627
2697,3.6627
2698,3.6627
2699,3.6627
2700,3.6627
2701,3.6627
2702,3.6627
2703,3.6627
2704,3.6627
2705,3.6627
2706,3.6627
2707,3.6627
2708,3.6627
2709,3.6627
2710,3.6627
2711,3.6627
2712,3.6627
2713,3.6627
2714,3.6627
2715,3.6627
2716,3.6627
2717,3.6627
2718,3.6627
2719,3.6627
2720,3.6627
2721,3.6627
2722,3.6627
2723,3.6627
2724,3.6627
2725,3.6627
2726,3.6627
2727,3.6627
2728,3.6627
2729,3.6627
2730,3.6627
2731,3.6627
2732,3.6627
2733,3.6627
2734,3.6627
2735,3.6627
2736,3.6627
2737,3.6627
2738,3.6627
2739,3.6627
2740,3.6627
2741,3.6627
2742,3.6627
2743,3.6627
2744,3.6627
2745,3.6627
2746,3.6627
2747,3.6627
2748,3.6627
2749,3.6627
2750,3.6627
2751,3.6627
2752,3.6627
2753,3.6627
2754,3.6627
2755,3.6627
2756,3.6627
2757,3.6627
2758,3.6627
2759,3.6627
2760,3.6627
2761,3.6627
2762,3.6627
2763,3.6627
2764,3.6627
2765,3.6627
2766,3.6627
2767,3.6627
2768,3.6627
2769,3.6627
2770,3.6627
2771,3.6627
2772,3.6627
2773,3.6627
2774,3.6627
2775,3.6627
2776,3.6627
2777,3.6627
2778,3.6627
2779,3.6627
2780,3.6627
2781,3.6627
2782,3.6627
2783,3.6627
2784,3.6627
2785,3.6627
2786,3.6627
2787,3.6627
2788,3.6627
2789,3.6627
2790,3.6627
2791,3.6627
2792,3.6627
2793,3.6627
2794,3.6627
2795,3.6627
2796,3.6627
2797,3.6627
2798,3.6627
2799,3.6627
2800,3.6627
2801,3.6627
2802,3.6627
2803,3.6627
2804,3.6627
2805,3.6627
2806,3.6627
2807,3.6627
2808,3.6627
2809,3.6627
2810,3.6627
2811,3.6627
2812,3.6627
2813,3.6627
2814,3.6627
2815,3.6627
2816,3.6627
2817,3.6627
2818,3.6627
2819,3.6627
2820,3.6627
2821,3.6627
2822,3.6627
2823,3.6627
2824,3.6627
2825,3.6627
2826,3.6627
2827,3.6627
2828,3.6627
2829,3.6627
2830,3.6627
2831,3.6627
2832,3.6627
2833,3.6627
2834,3.6627
2835,3.6627
2836,3.6627
2837,3.6627
2838,3.6627
2839,3.6627
2840,3.6627
2841,3.6627
2842,3.6627
2843,3.6627
2844,3.6627
2845,3.6627
2846,3.6627
2847,3.6627
2848,3.6627
2849,3.6627
2850,3.6627
2851,3.6627
2852,3.6627
2853,3.6627
2854,3.6627
2855,3.6627
2856,3.5779
2857,3.5779
2858,3.5779
2859,3.5779
2860,3.5779
2861,3.5779
2862,3.5779
2863,3.5779
2864,3.5779
2865,3.5779
2866,3.5779
2867,3.5779
2868,3.5779
2869,3.5779
2870,3.5779
2871,3.5779
2872,3.5779
2873,3.5779
2874,3.5779
2875,3.5779
2876,3.5779
2877,3.5779
2878,3.5779
2879,3.5779
2880,3.5779
2881,3.5779
2882,3.5779
2883,3.5779
2884,3.5779
2885,3.5779
2886,3.5779
2887,3.5779
2888,3.5779
2889,3.5779
2890,3.5779
2891,3.5779
2892,3.5779
2893,3.5779
2894,3.5779
2895,3.5779
2896,3.5779
2897,3.5779
2898,3.5779
2899,3.5779
2900,3.5779
2901,3.5779
2902,3.5779
2903,3.5779
2904,3.5779
2905,3.5779
2906,3.5779
2907,3.5779
2908,3.5779
2909,3.5779
2910,3.5779
2911,3.5779
2912,3.5779
2913,3.5779
2914,3.5779
2915,3.5779
2916,3.5779
2917,3.5779
2918,3.5779
2919,3.5779
2920,3.5779
2921,3.5779
2922,3.5779
2923,3.5779
2924,3.5779
2925,3.5779
2926,3.5779
2927,3.5779
2928,3.5779
2929,3.5779
2930,3.5779
2931,3.5779
2932,3.5779
2933,3.5779
2934,3.5779
2935,3.5779
2936,3.5779
2937,3.5779
2938,3.5779
2939,3.5779
2940,3.5779
2941,3.5779
2942,3.5779
2943,3.5779
2944,3.5779
2945,3.5779
2946,3.5779
2947,3.5779
2948,3.5779
2949,3.5779
2950,3.5779
2951,3.5779
2952,3.5779
2953,3.5779
2954,3.5779
2955,3.5779
2956,3.5779
2957,3.5779
2958,3.5779
2959,3.5779
2960,3.5779
2961,3.5779
2962,3.5779
2963,3.5779
2964,3.5779
2965,3.5779
2966,3.5779
2967,3.5779
2968,3.5779
2969,3.5779
2970,3.5779
2971,3.5779
2972,3.5779
2973,3.5779
2974,3.5779
2975,3.5779
2976,3.5779
2977,3.5779
2978,3.5779
2979,3.5779
2980,3.5779
2981,3.5779
2982,3.5779
2983,3.5779
2984,3.5779
2985,3.5779
2986,3.5779
2987,3.5779
2988,3.5779
2989,3.5779
2990,3.5779
2991,3.5779
2992,3.5779
2993,3.5779
2994,3.5779
2995,3.5779
2996,3.5779
2997,3.5779
2998,3.5779
2999,3.5779
3000,3.5779
3001,3.5779
3002,3.5779
3003,3.5779
3004,3.5779
3005,3.5779
3006,3.5779
3007,3.5779
3008,3.5779
3009,3.5779
3010,3.5779
3011,3.5779
3012,3.5779
3013,3.5779
3014,3.5779
3015,3.5779
3016,3.5779
3017,3.5779
3018,3.5779
3019,3.5779
3020,3.5779
3021,3.5779
3022,3.5779
3023,3.5779
3024,3.5779
3025,3.5779
3026,3.5779
3027,3.5779
3028,3.5779
3029,3.5779
3030,3.5779
3031,3.5779
3032,3.5779
3033,3.5779
3034,3.5779
3035,3.5779
3036,3.5779
3037,3.5779
3038,3.5779
3039,3.5779
3040,3.5779
3041,3.5779
3042,3.5779
3043,3.5779
3044,3.5779
3045,3.5779
3046,3.5779
3047,3.5779
3048,3.5779
3049,3.5779
3050,3.5779
3051,3.5779
3052,3.5779
3053,3.5779
3054,3.5779
3055,3.5779
3056,3.5779
3057,3.5779
3058,3.5779
3059,3.5779
3060,3.5779
3061,3.5779
3062,3.5779
3063,3.5779
3064,3.5779
3065,3.5779
3066,3.5779
3067,3.5779
3068,3.5779
3069,3.5779
3070,3.5779
3071,3.5779
3072,3.5779
3073,3.5779
3074,3.5779
3075,3.5779
3076,3.5779
3077,3.5779
3078,3.5779
3079,3.5779
3080,3.5779
3081,3.5779
3082,3.5779
3083,3.5779
3084,3.5779
3085,3.5779
3086,3.5779
3087,3.5779
3088,3.5779
3089,3.5779
3090,3.5779
3091,3.5779
3092,3.5779
3093,3.5779
3094,3.5779
3095,3.5779
3096,3.5779
3097,3.5779
3098,3.5779
3099,3.5779
3100,3.5779
3101,3.5779
3102,3.5779
3103,3.5779
3104,3.5779
3105,3.5779
3106,3.5779
3107,3.5779
3108,3.5779
3109,3.5779
3110,3.5779
3111,3.5779
3112,3.5779
3113,3.5779
3114,3.5779
3115,3.5779
3116,3.5779
3117,3.5779
3118,3.5779
3119,3.5779
3120,3.5779
3121,3.5779
3122,3.5779
3123,3.5779
3124,3.5779
3125,3.5779
3126,3.5779
3127,3.5779
3128,3.5779
3129,3.5779
3130,3.5779
3131,3.5779
3132,3.5779
3133,3.5779
3134,3.5779
3135,3.5779
3136,3.5779
3137,3.5779
3138,3.5779
3139,3.5779
3140,3.5779
3141,3.5779
3142,3.5779
3143,3.5779
3144,3.5779
3145,3.5779
3146,3.5779
3147,3.5779
3148,3.5779
3149,3.5779
3150,3.5779
3151,3.5779
3152,3.5779
3153,3.5779
3154,3.5779
3155,3.5779
3156,3.5779
3157,3.5779
3158,3.5779
3159,3.5779
3160,3.5779
3161,3.5779
3162,3.5779
3163,3.5779
3164,3.5779
3165,3.5779
3166,3.5779
3167,3.5779
3168,3.5779
3169,3.5779
3170,3.5779
3171,3.5779
3172,3.5779
3173,3.5779
3174,3.5779
3175,3.5779
3176,3.5779
3177,3.5779
3178,3.5779
3179,3.5779
3180,3.5779
3181,3.5779
3182,3.5779
3183,3.5779
3184,3.5779
3185,3.5779
3186,3.5779
3187,3.5779
3188,3.5779
3189,3.5779
3190,3.5779
3191,3.5779
3192,3.5779
3193,3.5779
3194,3.5779
3195,3.5779
3196,3.5779
3197,3.5779
3198,3.5779
3199,3.5779
3200,3.5779
3201,3.5779
3202,3.5779
3203,3.5779
3204,3.5779
3205,3.5779
3206,3.5779
3207,3.5779
3208,3.5779
3209,3.5779
3210,3.5779
3211,3.5779
3212,3.5779
3213,3.5779
3214,3.5779
3215,3.5779
3216,3.5779
3217,3.5779
3218,3.5779
3219,3.5779
3220,3.5779
3221,3.5779
3222,3.5779
3223,3.5779
3224,3.5779
3225,3.5779
3226,3.5779
3227,3.5779
3228,3.5779
3229,3.5779
3230,3.5779
3231,3.5779
3232,3.5779
3233,3.5779
3234,3.5779
3235,3.5779
3236,3.5779
3237,3.5779
3238,3.5779
3239,3.5779
3240,3.5779
3241,3.5779
3242,3.5779
3243,3.5779
3244,3.5779
3245,3.5779
3246,3.5779
3247,3.5779
3248,3.5779
3249,3.5779
3250,3.5779
3251,3.5779
3252,3.5779
3253,3.5779
3254,3.5779
3255,3.5779
3256,3.5779
3257,3.5779
3258,3.5779
3259,3.5779
3260,3.5779
3261,3.5779
3262,3.5779
3263,3.5779
3264,3.5779
3265,3.5779
3266,3.5779
3267,3.5779
3268,3.5779
3269,3.5779
3270,3.5779
3271,3.5779
3272,3.5779
3273,3.5779
3274,3.5779
3275,3.5779
3276,3.5779
3277,3.5779
3278,3.5779
3279,3.5779
3280,3.5779
3281,3.5779
3282,3.5779
3283,3.5779
3284,3.5779
3285,3.5779
3286,3.5779
3287,3.5779
3288,3.5779
3289,3.5779
3290,3.5779
3291,3.5779
3292,3.5779
3293,3.5779
3294,3.5779
3295,3.5779
3296,3.5779
3297,3.5779
3298,3.5779
3299,3.5779
3300,3.5779
3301,3.5779
3302,3.5779
3303,3.5779
3304,3.5779
3305,3.5779
3306,3.5779
3307,3.5779
3308,3.5779
3309,3.5779
3310,3.5779
3311,3.5779
3312,3.5779
3313,3.5779
3314,3.5779
3315,3.5779
3316,3.5779
3317,3.5779
3318,3.5779
3319,3.5779
3320,3.5779
3321,3.5779
3322,3.5779
3323,3.5779
3324,3.5779
3325,3.5779
3326,3.5779
3327,3.5779
3328,3.5779
3329,3.5779
3330,3.5779
3331,3.5779
3332,3.5779
3333,3.5779
3334,3.5779
3335,3.5779
3336,3.5779
3337,3.5779
3338,3.5779
3339,3.5779
3340,3.5779
3341,3.5779
3342,3.5779
3343,3.5779
3344,3.5779
3345,3.5779
3346,3.5779
3347,3.5779
3348,3.5779
3349,3.5779
3350,3.5779
3351,3.5779
3352,3.5779
3353,3.5779
3354,3.5779
3355,3.5779
3356,3.5779
3357,3.5779
3358,3.5779
3359,3.5779
3360,3.5779
3361,3.5779
3362,3.5779
3363,3.5779
3364,3.5779
3365,3.5779
3366,3.5779
3367,3.5779
3368,3.5779
3369,3.5779
3370,3.5779
3371,3.5779
3372,3.5779
3373,3.5779
3374,3.5779
3375,3.5779
3376,3.5779
3377,3.5779
3378,3.5779
3379,3.5779
3380,3.5779
3381,3.5779
3382,3.5779
3383,3.5779
3384,3.5779
3385,3.5779
3386,3.5779
3387,3.5779
3388,3.5779
3389,3.5779
3390,3.5779
3391,3.5779
3392,3.5779
3393,3.5779
3394,3.5779
3395,3.5779
3396,3.5779
3397,3.5779
3398,3.5779
3399,3.5779
3400,3.5779
3401,3.5779
3402,3.5779
3403,3.5779
3404,3.5779
3405,3.5779
3406,3.5779
3407,3.5779
3408,3.5779
3409,3.5779
3410,3.5779
3411,3.5779
3412,3.5779
3413,3.5779
3414,3.5779
3415,3.5779
3416,3.5779
3417,3.5779
3418,3.5779
3419,3.5779
3420,3.5779
3421,3.5779
3422,3.5779
3423,3.5779
3424,3.5779
3425,3.5779
3426,3.5779
3427,3.5779
3428,3.5779
3429,3.5779
3430,3.5779
3431,3.5779
3432,3.5779
3433,3.5779
3434,3.5779
3435,3.5779
3436,3.5779
3437,3.5779
3438,3.5779
3439,3.5779
3440,3.5779
3441,3.5779
3442,3.5779
3443,3.5779
3444,3.5779
3445,3.5779
3446,3.5779
3447,3.5779
3448,3.5779
3449,3.5779
3450,3.5779
3451,3.5779
3452,3.5779
3453,3.5779
3454,3.5779
3455,3.5779
3456,3.5779
3457,3.5779
3458,3.5779
3459,3.5779
3460,3.5779
3461,3.5779
3462,3.5779
3463,3.5779
3464,3.5779
3465,3.5779
3466,3.5779
3467,3.5779
3468,3.5779
3469,3.5779
3470,3.5779
3471,3.5779
3472,3.5779
3473,3.5779
3474,3.5779
3475,3.5779
3476,3.5779
3477,3.5779
3478,3.5779
3479,3.5779
3480,3.5779
3481,3.5779
3482,3.5779
3483,3.5779
3484,3.5779
3485,3.5779
3486,3.5779
3487,3.5779
3488,3.5779
3489,3.5779
3490,3.5779
3491,3.5779
3492,3.5779
3493,3.5779
3494,3.5779
3495,3.5779
3496,3.5779
3497,3.5779
3498,3.5779
3499,3.5779
3500,3.5779
3501,3.5779
3502,3.5779
3503,3.5779
3504,3.5779
3505,3.5779
3506,3.5779
3507,3.5779
3508,3.5779
3509,3.5779
3510,3.5779
3511,3.5779
3512,3.5779
3513,3.5779
3514,3.5779
3515,3.5779
3516,3.5779
3517,3.5779
3518,3.5779
3519,3.5779
3520,3.5779
3521,3.5779
3522,3.5779
3523,3.5779
3524,3.5779
3525,3.5779
3526,3.5779
3527,3.5779
3528,3.5779
3529,3.5779
3530,3.5779
3531,3.5779
3532,3.5779
3533,3.5779
3534,3.5779
3535,3.5779
3536,3.5779
3537,3.5779
3538,3.5779
3539,3.5779
3540,3.5779
3541,3.5779
3542,3.5779
3543,3.5779
3544,3.5779
3545,3.5779
3546,3.5779
3547,3.5779
3548,3.5779
3549,3.5779
3550,3.5779
3551,3.5779
3552,3.5779
3553,3.5779
3554,3.5779
3555,3.5779
3556,3.5779
3557,3.5779
3558,3.5779
3559,3.5779
3560,3.5779
3561,3.5779
3562,3.5779
3563,3.5779
3564,3.5779
3565,3.5779
3566,3.5779
3567,3.5779
3568,3.5779
3569,3.5779
3570,3.5779
3571,3.5779
3572,3.5779
3573,3.5779
3574,3.5779
3575,3.5779
3576,3.5779
3577,3.5779
3578,3.5779
3579,3.5779
3580,3.5779
3581,3.5779
3582,3.5779
3583,3.5779
3584,3.5779
3585,3.5779
3586,3.5779
3587,3.5779
3588,3.5779
3589,3.5779
3590,3.5779
3591,3.5779
3592,3.5779
3593,3.5779
3594,3.5779
3595,3.5779
3596,3.5779
3597,3.5779
3598,3.5779
3599,3.5779
3600,3.4449
3601,3.4449
3602,3.4449
3603,3.4449
3604,3.4449
3605,3.4449
3606,3.4449
3607,3.4449
3608,3.4449
3609,3.4449
3610,3.4449
3611,3.4449
3612,3.4449
3613,3.4449
3614,3.4449
3615,3.4449
3616,3.4449
3617,3.4449
3618,3.4449
3619,3.4449
3620,3.4449
3621,3.4449
3622,3.4449
3623,3.4449
3624,3.4449
3625,3.4449
3626,3.4449
3627,3.4449
3628,3.4449
3629,3.4449
3630,3.4449
3631,3.4449
3632,3.4449
3633,3.4449
3634,3.4449
3635,3.4449
3636,3.4449
3637,3.4449
3638,3.4449
3639,3.4449
3640,3.4449
3641,3.4449
3642,3.4449
3643,3.4449
3644,3.4449
3645,3.4449
3646,3.4449
3647,3.4449
3648,3.4449
3649,3.4449
3650,3.4449
3651,3.4449
3652,3.4449
3653,3.4449
3654,3.4449
3655,3.4449
3656,3.4449
3657,3.4449
3658,3.4449
3659,3.4449
3660,3.4449
3661,3.4449
3662,3.4449
3663,3.4449
3664,3.4449
3665,3.4449
3666,3.4449
3667,3.4449
3668,3.4449
3669,3.4449
3670,3.4449
3671,3.4449
3672,3.4449
3673,3.4449
3674,3.4449
3675,3.4449
3676,3.4449
3677,3.4449
3678,3.4449
3679,3.4449
3680,3.4449
3681,3.4449
3682,3.4449
3683,3.4449
3684,3.4449
3685,3.4449
3686,3.4449
3687,3.4449
3688,3.4449
3689,3.4449
3690,3.4449
3691,3.4449
3692,3.4449
3693,3.4449
3694,3.4449
3695,3.4449
3696,3.4449
3697,3.4449
3698,3.4449
3699,3.4449
3700,3.4449
3701,3.4449
3702,3.4449
3703,3.4449
3704,3.4449
3705,3.4449
3706,3.4449
3707,3.4449
3708,3.4449
3709,3.4449
3710,3.4449
3711,3.4449
3712,3.4449
3713,3.4449
3714,3.4449
3715,3.4449
3716,3.4449
3717,3.4449
3718,3.4449
3719,3.4449
3720,3.4449
3721,3.4449
3722,3.4449
3723,3.4449
3724,3.4449
3725,3.4449
3726,3.4449
3727,3.4449
3728,3.4449
3729,3.4449
3730,3.4449
3731,3.4449
3732,3.4449
3733,3.4449
3734,3.4449
3735,3.4449
3736,3.4449
3737,3.4449
3738,3.4449
3739,3.4449
3740,3.4449
3741,3.4449
3742,3.4449
3743,3.4449
3744,3.4449
3745,3.4449
3746,3.4449
3747,3.4449
3748,3.4449
3749,3.4449
3750,3.4449
3751,3.4449
3752,3.4449
3753,3.4449
3754,3.4449
3755,3.4449
3756,3.4449
3757,3.4449
3758,3.4449
3759,3.4449
3760,3.4449
3761,3.4449
3762,3.4449
3763,3.4449
3764,3.4449
3765,3.4449
3766,3.4449
3767,3.4449
3768,3.4449
3769,3.4449
3770,3.4449
3771,3.4449
3772,3.4449
3773,3.4449
3774,3.4449
3775,3.4449
3776,3.4449
3777,3.4449
3778,3.4449
3779,3.4449
3780,3.4449
3781,3.4449
3782,3.4449
3783,3.4449
3784,3.4449
3785,3.4449
3786,3.4449
3787,3.4449
3788,3.4449
3789,3.4449
3790,3.4449
3791,3.4449
3792,3.4449
3793,3.4449
3794,3.4449
3795,3.4449
3796,3.4449
3797,3.4449
3798,3.4449
3799,3.4449
3800,3.4449
3801,3.4449
3802,3.4449
3803,3.4449
3804,3.4449
3805,3.4449
3806,3.4449
3807,3.4449
3808,3.4449
3809,3.4449
3810,3.4449
3811,3.4449
3812,3.4449
3813,3.4449
3814,3.4449
3815,3.4449
3816,3.4449
3817,3.4449
3818,3.4449
3819,3.4449
3820,3.4449
3821,3.4449
3822,3.4449
3823,3.4449
3824,3.4449
3825,3.4449
3826,3.4449
3827,3.4449
3828,3.4449
3829,3.4449
3830,3.4449
3831,3.4449
3832,3.4449
3833,3.4449
3834,3.4449
3835,3.4449
3836,3.4449
3837,3.4449
3838,3.4449
3839,3.4449
3840,3.4449
3841,3.4449
3842,3.4449
3843,3.4449
3844,3.4449
3845,3.4449
3846,3.4449
3847,3.4449
3848,3.4449
3849,3.4449
3850,3.4449
3851,3.4449
3852,3.4449
3853,3.4449
3854,3.4449
3855,3.4449
3856,3.4449
3857,3.4449
3858,3.4449
3859,3.4449
3860,3.4449
3861,3.4449
3862,3.4449
3863,3.4449
3864,3.4449
3865,3.4449
3866,3.4449
3867,3.4449
3868,3.4449
3869,3.4449
3870,3.4449
3871,3.4449
3872,3.4449
3873,3.4449
3874,3.4449
3875,3.4449
3876,3.4449
3877,3.4449
3878,3.4449
3879,3.4449
3880,3.4449
3881,3.4449
3882,3.4449
3883,3.4449
3884,3.4449
3885,3.4449
3886,3.4449
3887,3.4449
3888,3.4449
3889,3.4449
3890,3.4449
3891,3.4449
3892,3.4449
3893,3.4449
3894,3.4449
3895,3.4449
3896,3.4449
3897,3.4449
3898,3.4449
3899,3.4449
3900,3.4449
3901,3.4449
3902,3.4449
3903,3.4449
3904,3.4449
3905,3.4449
3906,3.4449
3907,3.4449
3908,3.4449
3909,3.4449
3910,3.4449
3911,3.4449
3912,3.4449
3913,3.4449
3914,3.4449
3915,3.4449
3916,3.4449
3917,3.4449
3918,3.4449
3919,3.4449
3920,3.4449
3921,3.4449
3922,3.4449
3923,3.4449
3924,3.4449
3925,3.4449
3926,3.4449
3927,3.4449
3928,3.4449
3929,3.4449
3930,3.4449
3931,3.4449
3932,3.4449
3933,3.4449
3934,3.4449
3935,3.4449
3936,3.4449
3937,3.4449
3938,3.4449
3939,3.4449
3940,3.4449
3941,3.4449
3942,3.4449
3943,3.4449
3944,3.4449
3945,3.4449
3946,3.4449
3947,3.4449
3948,3.4449
3949,3.4449
3950,3.4449
3951,3.4449
3952,3.4449
3953,3.4449
3954,3.4449
3955,3.4449
3956,3.4449
3957,3.4449
3958,3.4449
3959,3.4449
3960,3.4449
3961,3.4449
3962,3.4449
3963,3.4449
3964,3.4449
3965,3.4449
3966,3.4449
3967,3.4449
3968,3.4449
3969,3.4449
3970,3.4449
3971,3.4449
3972,3.4449
3973,3.4449
3974,3.4449
3975,3.4449
3976,3.4449
3977,3.4449
3978,3.4449
3979,3.4449
3980,3.4449
3981,3.4449
3982,3.4449
3983,3.4449
3984,3.4449
3985,3.4449
3986,3.4449
3987,3.4449
3988,3.4449
3989,3.4449
3990,3.4449
3991,3.4449
3992,3.4449
3993,3.4449
3994,3.4449
3995,3.4449
3996,3.4449
3997,3.4449
3998,3.4449
3999,3.4449
4000,3.4449
4001,3.4449
4002,3.4449
4003,3.4449
4004,3.4449
4005,3.4449
4006,3.4449
4007,3.4449
4008,3.4449
4009,3.4449
4010,3.4449
4011,3.4449
4012,3.4449
4013,3.4449
4014,3.4449
4015,3.4449
4016,3.4449
4017,3.4449
4018,3.4449
4019,3.4449
4020,3.4449
4021,3.4449
4022,3.4449
4023,3.4449
4024,3.4449
4025,3.4449
4026,3.4449
4027,3.4449
4028,3.4449
4029,3.4449
4030,3.4449
4031,3.4449
4032,3.4449
4033,3.4449
4034,3.4449
4035,3.4449
4036,3.4449
4037,3.4449
4038,3.4449
4039,3.4449
4040,3.4449
4041,3.4449
4042,3.4449
4043,3.4449
4044,3.4449
4045,3.4449
4046,3.4449
4047,3.4449
4048,3.4449
4049,3.4449
4050,3.4449
4051,3.4449
4052,3.4449
4053,3.4449
4054,3.4449
4055,3.4449
4056,3.4449
4057,3.4449
4058,3.4449
4059,3.4449
4060,3.4449
4061,3.4449
4062,3.4449
4063,3.4449
4064,3.4449
4065,3.4449
4066,3.4449
4067,3.4449
4068,3.4449
4069,3.4449
4070,3.4449
4071,3.4449
4072,3.4449
4073,3.4449
4074,3.4449
4075,3.4449
4076,3.4449
4077,3.4449
4078,3.4449
4079,3.4449
4080,3.4449
4081,3.4449
4082,3.4449
4083,3.4449
4084,3.4449
4085,3.4449
4086,3.4449
4087,3.4449
4088,3.4449
4089,3.4449
4090,3.4449
4091,3.4449
4092,3.4449
4093,3.4449
4094,3.4449
4095,3.4449
4096,3.4449
4097,3.4449
4098,3.4449
4099,3.4449
4100,3.4449
4101,3.4449
4102,3.4449
4103,3.4449
4104,3.4449
4105,3.4449
4106,3.4449
4107,3.4449
4108,3.4449
4109,3.4449
4110,3.4449
4111,3.4449
4112,3.4449
4113,3.4449
4114,3.4449
4115,3.4449
4116,3.4449
4117,3.4449
4118,3.4449
4119,3.4449
4120,3.4449
4121,3.4449
4122,3.4449
4123,3.4449
4124,3.4449
4125,3.4449
4126,3.4449
4127,3.4449
4128,3.4449
4129,3.4449
4130,3.4449
4131,3.4449
4132,3.4449
4133,3.4449
4134,3.4449
4135,3.4449
4136,3.4449
4137,3.4449
4138,3.4449
4139,3.4449
4140,3.4449
4141,3.4449
4142,3.4449
4143,3.4449
4144,3.4449
4145,3.4449
4146,3.4449
4147,3.4449
4148,3.4449
4149,3.4449
4150,3.4449
4151,3.4449
4152,3.4449
4153,3.4449
4154,3.4449
4155,3.4449
4156,3.4449
4157,3.4449
4158,3.4449
4159,3.4449
4160,3.4449
4161,3.4449
4162,3.4449
4163,3.4449
4164,3.4449
4165,3.4449
4166,3.4449
4167,3.4449
4168,3.4449
4169,3.4449
4170,3.4449
4171,3.4449
4172,3.4449
4173,3.4449
4174,3.4449
4175,3.4449
4176,3.4449
4177,3.4449
4178,3.4449
4179,3.4449
4180,3.4449
4181,3.4449
4182,3.4449
4183,3.4449
4184,3.4449
4185,3.4449
4186,3.4449
4187,3.4449
4188,3.4449
4189,3.4449
4190,3.4449
4191,3.4449
4192,3.4449
4193,3.4449
4194,3.4449
4195,3.4449
4196,3.4449
4197,3.4449
4198,3.4449
4199,3.4449
4200,3.4449
4201,3.4449
4202,3.4449
4203,3.4449
4204,3.4449
4205,3.4449
4206,3.4449
4207,3.4449
4208,3.4449
4209,3.4449
4210,3.4449
4211,3.4449
4212,3.4449
4213,3.4449
4214,3.4449
4215,3.4449
4216,3.4449
4217,3.4449
4218,3.4449
4219,3.4449
4220,3.4449
4221,3.4449
4222,3.4449
4223,3.4449
4224,3.4449
4225,3.4449
4226,3.4449
4227,3.4449
4228,3.4449
4229,3.4449
4230,3.4449
4231,3.4449
4232,3.4449
4233,3.4449
4234,3.4449
4235,3.4449
4236,3.4449
4237,3.4449
4238,3.4449
4239,3.4449
4240,3.4449
4241,3.4449
4242,3.4449
4243,3.4449
4244,3.4449
4245,3.4449
4246,3.4449
4247,3.4449
4248,3.4449
4249,3.4449
4250,3.4449
4251,3.4449
4252,3.4449
4253,3.4449
4254,3.4449
4255,3.4449
4256,3.4449
4257,3.4449
4258,3.4449
4259,3.4449
4260,3.4449
4261,3.4449
4262,3.4449
4263,3.4449
4264,3.4449
4265,3.4449
4266,3.4449
4267,3.4449
4268,3.4449
4269,3.4449
4270,3.4449
4271,3.4449
4272,3.4449
4273,3.4449
4274,3.4449
4275,3.4449
4276,3.4449
4277,3.4449
4278,3.4449
4279,3.4449
4280,3.4449
4281,3.4449
4282,3.4449
4283,3.4449
4284,3.4449
4285,3.4449
4286,3.4449
4287,3.4449
4288,3.4449
4289,3.4449
4290,3.4449
4291,3.4449
4292,3.4449
4293,3.4449
4294,3.4449
4295,3.4449
4296,3.4449
4297,3.4449
4298,3.4449
4299,3.4449
4300,3.4449
4301,3.4449
4302,3.4449
4303,3.4449
4304,3.4449
4305,3.4449
4306,3.4449
4307,3.4449
4308,3.4449
4309,3.4449
4310,3.4449
4311,3.4449
4312,3.4449
4313,3.4449
4314,3.4449
4315,3.4449
4316,3.4449
4317,3.4449
4318,3.4449
4319,3.4449
4320,3.1044
4321,3.1044
4322,3.1044
4323,3.1044
4324,3.1044
4325,3.1044
4326,3.1044
4327,3.1044
4328,3.1044
4329,3.1044
4330,3.1044
4331,3.1044
4332,3.1044
4333,3.1044
4334,3.1044
4335,3.1044
4336,3.1044
4337,3.1044
4338,3.1044
4339,3.1044
4340,3.1044
4341,3.1044
4342,3.1044
4343,3.1044
4344,3.1044
4345,3.1044
4346,3.1044
4347,3.1044
4348,3.1044
4349,3.1044
4350,3.1044
4351,3.1044
4352,3.1044
4353,3.1044
4354,3.1044
4355,3.1044
4356,3.1044
4357,3.1044
4358,3.1044
4359,3.1044
4360,3.1044
4361,3.1044
4362,3.1044
4363,3.1044
4364,3.1044
4365,3.1044
4366,3.1044
4367,3.1044
4368,3.1044
4369,3.1044
4370,3.1044
4371,3.1044
4372,3.1044
4373,3.1044
4374,3.1044
4375,3.1044
4376,3.1044
4377,3.1044
4378,3.1044
4379,3.1044
4380,3.1044
4381,3.1044
4382,3.1044
4383,3.1044
4384,3.1044
4385,3.1044
4386,3.1044
4387,3.1044
4388,3.1044
4389,3.1044
4390,3.1044
4391,3.1044
4392,3.1044
4393,3.1044
4394,3.1044
4395,3.1044
4396,3.1044
4397,3.1044
4398,3.1044
4399,3.1044
4400,3.1044
4401,3.1044
4402,3.1044
4403,3.1044
4404,3.1044
4405,3.1044
4406,3.1044
4407,3.1044
4408,3.1044
4409,3.1044
4410,3.1044
4411,3.1044
4412,3.1044
4413,3.1044
4414,3.1044
4415,3.1044
4416,3.1044
4417,3.1044
4418,3.1044
4419,3.1044
4420,3.1044
4421,3.1044
4422,3.1044
4423,3.1044
4424,3.1044
4425,3.1044
4426,3.1044
4427,3.1044
4428,3.1044
4429,3.1044
4430,3.1044
4431,3.1044
4432,3.1044
4433,3.1044
4434,3.1044
4435,3.1044
4436,3.1044
4437,3.1044
4438,3.1044
4439,3.1044
4440,3.1044
4441,3.1044
4442,3.1044
4443,3.1044
4444,3.1044
4445,3.1044
4446,3.1044
4447,3.1044
4448,3.1044
4449,3.1044
4450,3.1044
4451,3.1044
4452,3.1044
4453,3.1044
4454,3.1044
4455,3.1044
4456,3.1044
4457,3.1044
4458,3.1044
4459,3.1044
4460,3.1044
4461,3.1044
4462,3.1044
4463,3.1044
4464,3.1044
4465,3.1044
4466,3.1044
4467,3.1044
4468,3.1044
4469,3.1044
4470,3.1044
4471,3.1044
4472,3.1044
4473,3.1044
4474,3.1044
4475,3.1044
4476,3.1044
4477,3.1044
4478,3.1044
4479,3.1044
4480,3.1044
4481,3.1044
4482,3.1044
4483,3.1044
4484,3.1044
4485,3.1044
4486,3.1044
4487,3.1044
4488,3.1044
4489,3.1044
4490,3.1044
4491,3.1044
4492,3.1044
4493,3.1044
4494,3.1044
4495,3.1044
4496,3.1044
4497,3.1044
4498,3.1044
4499,3.1044
4500,3.1044
4501,3.1044
4502,3.1044
4503,3.1044
4504,3.1044
4505,3.1044
4506,3.1044
4507,3.1044
4508,3.1044
4509,3.1044
4510,3.1044
4511,3.1044
4512,3.1044
4513,3.1044
4514,3.1044
4515,3.1044
4516,3.1044
4517,3.1044
4518,3.1044
4519,3.1044
4520,3.1044
4521,3.1044
4522,3.1044
4523,3.1044
4524,3.1044
4525,3.1044
4526,3.1044
4527,3.1044
4528,3.1044
4529,3.1044
4530,3.1044
4531,3.1044
4532,3.1044
4533,3.1044
4534,3.1044
4535,3.1044
4536,3.1044
4537,3.1044
4538,3.1044
4539,3.1044
4540,3.1044
4541,3.1044
4542,3.1044
4543,3.1044
4544,3.1044
4545,3.1044
4546,3.1044
4547,3.1044
4548,3.1044
4549,3.1044
4550,3.1044
4551,3.1044
4552,3.1044
4553,3.1044
4554,3.1044
4555,3.1044
4556,3.1044
4557,3.1044
4558,3.1044
4559,3.1044
4560,3.1044
4561,3.1044
4562,3.1044
4563,3.1044
4564,3.1044
4565,3.1044
4566,3.1044
4567,3.1044
4568,3.1044
4569,3.1044
4570,3.1044
4571,3.1044
4572,3.1044
4573,3.1044
4574,3.1044
4575,3.1044
4576,3.1044
4577,3.1044
4578,3.1044
4579,3.1044
4580,3.1044
4581,3.1044
4582,3.1044
4583,3.1044
4584,3.1044
4585,3.1044
4586,3.1044
4587,3.1044
4588,3.1044
4589,3.1044
4590,3.1044
4591,3.1044
4592,3.1044
4593,3.1044
4594,3.1044
4595,3.1044
4596,3.1044
4597,3.1044
4598,3.1044
4599,3.1044
4600,3.1044
4601,3.1044
4602,3.1044
4603,3.1044
4604,3.1044
4605,3.1044
4606,3.1044
4607,3.1044
4608,3.1044
4609,3.1044
4610,3.1044
4611,3.1044
4612,3.1044
4613,3.1044
4614,3.1044
4615,3.1044
4616,3.1044
4617,3.1044
4618,3.1044
4619,3.1044
4620,3.1044
4621,3.1044
4622,3.1044
4623,3.1044
4624,3.1044
4625,3.1044
4626,3.1044
4627,3.1044
4628,3.1044
4629,3.1044
4630,3.1044
4631,3.1044
4632,3.1044
4633,3.1044
4634,3.1044
4635,3.1044
4636,3.1044
4637,3.1044
4638,3.1044
4639,3.1044
4640,3.1044
4641,3.1044
4642,3.1044
4643,3.1044
4644,3.1044
4645,3.1044
4646,3.1044
4647,3.1044
4648,3.1044
4649,3.1044
4650,3.1044
4651,3.1044
4652,3.1044
4653,3.1044
4654,3.1044
4655,3.1044
4656,3.1044
4657,3.1044
4658,3.1044
4659,3.1044
4660,3.1044
4661,3.1044
4662,3.1044
4663,3.1044
4664,3.1044
4665,3.1044
4666,3.1044
4667,3.1044
4668,3.1044
4669,3.1044
4670,3.1044
4671,3.1044
4672,3.1044
4673,3.1044
4674,3.1044
4675,3.1044
4676,3.1044
4677,3.1044
4678,3.1044
4679,3.1044
4680,3.1044
4681,3.1044
4682,3.1044
4683,3.1044
4684,3.1044
4685,3.1044
4686,3.1044
4687,3.1044
4688,3.1044
4689,3.1044
4690,3.1044
4691,3.1044
4692,3.1044
4693,3.1044
4694,3.1044
4695,3.1044
4696,3.1044
4697,3.1044
4698,3.1044
4699,3.1044
4700,3.1044
4701,3.1044
4702,3.1044
4703,3.1044
4704,3.1044
4705,3.1044
4706,3.1044
4707,3.1044
4708,3.1044
4709,3.1044
4710,3.1044
4711,3.1044
4712,3.1044
4713,3.1044
4714,3.1044
4715,3.1044
4716,3.1044
4717,3.1044
4718,3.1044
4719,3.1044
4720,3.1044
4721,3.1044
4722,3.1044
4723,3.1044
4724,3.1044
4725,3.1044
4726,3.1044
4727,3.1044
4728,3.1044
4729,3.1044
4730,3.1044
4731,3.1044
4732,3.1044
4733,3.1044
4734,3.1044
4735,3.1044
4736,3.1044
4737,3.1044
4738,3.1044
4739,3.1044
4740,3.1044
4741,3.1044
4742,3.1044
4743,3.1044
4744,3.1044
4745,3.1044
4746,3.1044
4747,3.1044
4748,3.1044
4749,3.1044
4750,3.1044
4751,3.1044
4752,3.1044
4753,3.1044
4754,3.1044
4755,3.1044
4756,3.1044
4757,3.1044
4758,3.1044
4759,3.1044
4760,3.1044
4761,3.1044
4762,3.1044
4763,3.1044
4764,3.1044
4765,3.1044
4766,3.1044
4767,3.1044
4768,3.1044
4769,3.1044
4770,3.1044
4771,3.1044
4772,3.1044
4773,3.1044
4774,3.1044
4775,3.1044
4776,3.1044
4777,3.1044
4778,3.1044
4779,3.1044
4780,3.1044
4781,3.1044
4782,3.1044
4783,3.1044
4784,3.1044
4785,3.1044
4786,3.1044
4787,3.1044
4788,3.1044
4789,3.1044
4790,3.1044
4791,3.1044
4792,3.1044
4793,3.1044
4794,3.1044
4795,3.1044
4796,3.1044
4797,3.1044
4798,3.1044
4799,3.1044
4800,3.1044
4801,3.1044
4802,3.1044
4803,3.1044
4804,3.1044
4805,3.1044
4806,3.1044
4807,3.1044
4808,3.1044
4809,3.1044
4810,3.1044
4811,3.1044
4812,3.1044
4813,3.1044
4814,3.1044
4815,3.1044
4816,3.1044
4817,3.1044
4818,3.1044
4819,3.1044
4820,3.1044
4821,3.1044
4822,3.1044
4823,3.1044
4824,3.1044
4825,3.1044
4826,3.1044
4827,3.1044
4828,3.1044
4829,3.1044
4830,3.1044
4831,3.1044
4832,3.1044
4833,3.1044
4834,3.1044
4835,3.1044
4836,3.1044
4837,3.1044
4838,3.1044
4839,3.1044
4840,3.1044
4841,3.1044
4842,3.1044
4843,3.1044
4844,3.1044
4845,3.1044
4846,3.1044
4847,3.1044
4848,3.1044
4849,3.1044
4850,3.1044
4851,3.1044
4852,3.1044
4853,3.1044
4854,3.1044
4855,3.1044
4856,3.1044
4857,3.1044
4858,3.1044
4859,3.1044
4860,3.1044
4861,3.1044
4862,3.1044
4863,3.1044
4864,3.1044
4865,3.1044
4866,3.1044
4867,3.1044
4868,3.1044
4869,3.1044
4870,3.1044
4871,3.1044
4872,3.1044
4873,3.1044
4874,3.1044
4875,3.1044
4876,3.1044
4877,3.1044
4878,3.1044
4879,3.1044
4880,3.1044
4881,3.1044
4882,3.1044
4883,3.1044
4884,3.1044
4885,3.1044
4886,3.1044
4887,3.1044
4888,3.1044
4889,3.1044
4890,3.1044
4891,3.1044
4892,3.1044
4893,3.1044
4894,3.1044
4895,3.1044
4896,3.1044
4897,3.1044
4898,3.1044
4899,3.1044
4900,3.1044
4901,3.1044
4902,3.1044
4903,3.1044
4904,3.1044
4905,3.1044
4906,3.1044
4907,3.1044
4908,3.1044
4909,3.1044
4910,3.1044
4911,3.1044
4912,3.1044
4913,3.1044
4914,3.1044
4915,3.1044
4916,3.1044
4917,3.1044
4918,3.1044
4919,3.1044
4920,3.1044
4921,3.1044
4922,3.1044
4923,3.1044
4924,3.1044
4925,3.1044
4926,3.1044
4927,3.1044
4928,3.1044
4929,3.1044
4930,3.1044
4931,3.1044
4932,3.1044
4933,3.1044
4934,3.1044
4935,3.1044
4936,3.1044
4937,3.1044
4938,3.1044
4939,3.1044
4940,3.1044
4941,3.1044
4942,3.1044
4943,3.1044
4944,3.1044
4945,3.1044
4946,3.1044
4947,3.1044
4948,3.1044
4949,3.1044
4950,3.1044
4951,3.1044
4952,3.1044
4953,3.1044
4954,3.1044
4955,3.1044
4956,3.1044
4957,3.1044
4958,3.1044
4959,3.1044
4960,3.1044
4961,3.1044
4962,3.1044
4963,3.1044
4964,3.1044
4965,3.1044
4966,3.1044
4967,3.1044
4968,3.1044
4969,3.1044
4970,3.1044
4971,3.1044
4972,3.1044
4973,3.1044
4974,3.1044
4975,3.1044
4976,3.1044
4977,3.1044
4978,3.1044
4979,3.1044
4980,3.1044
4981,3.1044
4982,3.1044
4983,3.1044
4984,3.1044
4985,3.1044
4986,3.1044
4987,3.1044
4988,3.1044
4989,3.1044
4990,3.1044
4991,3.1044
4992,3.1044
4993,3.1044
4994,3.1044
4995,3.1044
4996,3.1044
4997,3.1044
4998,3.1044
4999,3.1044
5000,3.1044
5001,3.1044
5002,3.1044
5003,3.1044
5004,3.1044
5005,3.1044
5006,3.1044
5007,3.1044
5008,3.1044
5009,3.1044
5010,3.1044
5011,3.1044
5012,3.1044
5013,3.1044
5014,3.1044
5015,3.1044
5016,3.1044
5017,3.1044
5018,3.1044
5019,3.1044
5020,3.1044
5021,3.1044
5022,3.1044
5023,3.1044
5024,3.1044
5025,3.1044
5026,3.1044
5027,3.1044
5028,3.1044
5029,3.1044
5030,3.1044
5031,3.1044
5032,3.1044
5033,3.1044
5034,3.1044
5035,3.1044
5036,3.1044
5037,3.1044
5038,3.1044
5039,3.1044
5040,3.1044
5041,3.1044
5042,3.1044
5043,3.1044
5044,3.1044
5045,3.1044
5046,3.1044
5047,3.1044
5048,3.1044
5049,3.1044
5050,3.1044
5051,3.1044
5052,3.1044
5053,3.1044
5054,3.1044
5055,3.1044
5056,3.1044
5057,3.1044
5058,3.1044
5059,3.1044
5060,3.1044
5061,3.1044
5062,3.1044
5063,3.1044
5064,3.0517
5065,3.0517
5066,3.0517
5067,3.0517
5068,3.0517
5069,3.0517
5070,3.0517
5071,3.0517
5072,3.0517
5073,3.0517
5074,3.0517
5075,3.0517
5076,3.0517
5077,3.0517
5078,3.0517
5079,3.0517
5080,3.0517
5081,3.0517
5082,3.0517
5083,3.0517
5084,3.0517
5085,3.0517
5086,3.0517
5087,3.0517
5088,3.0517
5089,3.0517
5090,3.0517
5091,3.0517
5092,3.0517
5093,3.0517
5094,3.0517
5095,3.0517
5096,3.0517
5097,3.0517
5098,3.0517
5099,3.0517
5100,3.0517
5101,3.0517
5102,3.0517
5103,3.0517
5104,3.0517
5105,3.0517
5106,3.0517
5107,3.0517
5108,3.0517
5109,3.0517
5110,3.0517
5111,3.0517
5112,3.0517
5113,3.0517
5114,3.0517
5115,3.0517
5116,3.0517
5117,3.0517
5118,3.0517
5119,3.0517
5120,3.0517
5121,3.0517
5122,3.0517
5123,3.0517
5124,3.0517
5125,3.0517
5126,3.0517
5127,3.0517
5128,3.0517
5129,3.0517
5130,3.0517
5131,3.0517
5132,3.0517
5133,3.0517
5134,3.0517
5135,3.0517
5136,3.0517
5137,3.0517
5138,3.0517
5139,3.0517
5140,3.0517
5141,3.0517
5142,3.0517
5143,3.0517
5144,3.0517
5145,3.0517
5146,3.0517
5147,3.0517
5148,3.0517
5149,3.0517
5150,3.0517
5151,3.0517
5152,3.0517
5153,3.0517
5154,3.0517
5155,3.0517
5156,3.0517
5157,3.0517
5158,3.0517
5159,3.0517
5160,3.0517
5161,3.0517
5162,3.0517
5163,3.0517
5164,3.0517
5165,3.0517
5166,3.0517
5167,3.0517
5168,3.0517
5169,3.0517
5170,3.0517
5171,3.0517
5172,3.0517
5173,3.0517
5174,3.0517
5175,3.0517
5176,3.0517
5177,3.0517
5178,3.0517
5179,3.0517
5180,3.0517
5181,3.0517
5182,3.0517
5183,3.0517
5184,3.0517
5185,3.0517
5186,3.0517
5187,3.0517
5188,3.0517
5189,3.0517
5190,3.0517
5191,3.0517
5192,3.0517
5193,3.0517
5194,3.0517
5195,3.0517
5196,3.0517
5197,3.0517
5198,3.0517
5199,3.0517
5200,3.0517
5201,3.0517
5202,3.0517
5203,3.0517
5204,3.0517
5205,3.0517
5206,3.0517
5207,3.0517
5208,3.0517
5209,3.0517
5210,3.0517
5211,3.0517
5212,3.0517
5213,3.0517
5214,3.0517
5215,3.0517
5216,3.0517
5217,3.0517
5218,3.0517
5219,3.0517
5220,3.0517
5221,3.0517
5222,3.0517
5223,3.0517
5224,3.0517
5225,3.0517
5226,3.0517
5227,3.0517
5228,3.0517
5229,3.0517
5230,3.0517
5231,3.0517
5232,3.0517
5233,3.0517
5234,3.0517
5235,3.0517
5236,3.0517
5237,3.0517
5238,3.0517
5239,3.0517
5240,3.0517
5241,3.0517
5242,3.0517
5243,3.0517
5244,3.0517
5245,3.0517
5246,3.0517
5247,3.0517
5248,3.0517
5249,3.0517
5250,3.0517
5251,3.0517
5252,3.0517
5253,3.0517
5254,3.0517
5255,3.0517
5256,3.0517
5257,3.0517
5258,3.0517
5259,3.0517
5260,3.0517
5261,3.0517
5262,3.0517
5263,3.0517
5264,3.0517
5265,3.0517
5266,3.0517
5267,3.0517
5268,3.0517
5269,3.0517
5270,3.0517
5271,3.0517
5272,3.0517
5273,3.0517
5274,3.0517
5275,3.0517
5276,3.0517
5277,3.0517
5278,3.0517
5279,3.0517
5280,3.0517
5281,3.0517
5282,3.0517
5283,3.0517
5284,3.0517
5285,3.0517
5286,3.0517
5287,3.0517
5288,3.0517
5289,3.0517
5290,3.0517
5291,3.0517
5292,3.0517
5293,3.0517
5294,3.0517
5295,3.0517
5296,3.0517
5297,3.0517
5298,3.0517
5299,3.0517
5300,3.0517
5301,3.0517
5302,3.0517
5303,3.0517
5304,3.0517
5305,3.0517
5306,3.0517
5307,3.0517
5308,3.0517
5309,3.0517
5310,3.0517
5311,3.0517
5312,3.0517
5313,3.0517
5314,3.0517
5315,3.0517
5316,3.0517
5317,3.0517
5318,3.0517
5319,3.0517
5320,3.0517
5321,3.0517
5322,3.0517
5323,3.0517
5324,3.0517
5325,3.0517
5326,3.0517
5327,3.0517
5328,3.0517
5329,3.0517
5330,3.0517
5331,3.0517
5332,3.0517
5333,3.0517
5334,3.0517
5335,3.0517
5336,3.0517
5337,3.0517
5338,3.0517
5339,3.0517
5340,3.0517
5341,3.0517
5342,3.0517
5343,3.0517
5344,3.0517
5345,3.0517
5346,3.0517
5347,3.0517
5348,3.0517
5349,3.0517
5350,3.0517
5351,3.0517
5352,3.0517
5353,3.0517
5354,3.0517
5355,3.0517
5356,3.0517
5357,3.0517
5358,3.0517
5359,3.0517
5360,3.0517
5361,3.0517
5362,3.0517
5363,3.0517
5364,3.0517
5365,3.0517
5366,3.0517
5367,3.0517
5368,3.0517
5369,3.0517
5370,3.0517
5371,3.0517
5372,3.0517
5373,3.0517
5374,3.0517
5375,3.0517
5376,3.0517
5377,3.0517
5378,3.0517
5379,3.0517
5380,3.0517
5381,3.0517
5382,3.0517
5383,3.0517
5384,3.0517
5385,3.0517
5386,3.0517
5387,3.0517
5388,3.0517
5389,3.0517
5390,3.0517
5391,3.0517
5392,3.0517
5393,3.0517
5394,3.0517
5395,3.0517
5396,3.0517
5397,3.0517
5398,3.0517
5399,3.0517
5400,3.0517
5401,3.0517
5402,3.0517
5403,3.0517
5404,3.0517
5405,3.0517
5406,3.0517
5407,3.0517
5408,3.0517
5409,3.0517
5410,3.0517
5411,3.0517
5412,3.0517
5413,3.0517
5414,3.0517
5415,3.0517
5416,3.0517
5417,3.0517
5418,3.0517
5419,3.0517
5420,3.0517
5421,3.0517
5422,3.0517
5423,3.0517
5424,3.0517
5425,3.0517
5426,3.0517
5427,3.0517
5428,3.0517
5429,3.0517
5430,3.0517
5431,3.0517
5432,3.0517
5433,3.0517
5434,3.0517
5435,3.0517
5436,3.0517
5437,3.0517
5438,3.0517
5439,3.0517
5440,3.0517
5441,3.0517
5442,3.0517
5443,3.0517
5444,3.0517
5445,3.0517
5446,3.0517
5447,3.0517
5448,3.0517
5449,3.0517
5450,3.0517
5451,3.0517
5452,3.0517
5453,3.0517
5454,3.0517
5455,3.0517
5456,3.0517
5457,3.0517
5458,3.0517
5459,3.0517
5460,3.0517
5461,3.0517
5462,3.0517
5463,3.0517
5464,3.0517
5465,3.0517
5466,3.0517
5467,3.0517
5468,3.0517
5469,3.0517
5470,3.0517
5471,3.0517
5472,3.0517
5473,3.0517
5474,3.0517
5475,3.0517
5476,3.0517
5477,3.0517
5478,3.0517
5479,3.0517
5480,3.0517
5481,3.0517
5482,3.0517
5483,3.0517
5484,3.0517
5485,3.0517
5486,3.0517
5487,3.0517
5488,3.0517
5489,3.0517
5490,3.0517
5491,3.0517
5492,3.0517
5493,3.0517
5494,3.0517
5495,3.0517
5496,3.0517
5497,3.0517
5498,3.0517
5499,3.0517
5500,3.0517
5501,3.0517
5502,3.0517
5503,3.0517
5504,3.0517
5505,3.0517
5506,3.0517
5507,3.0517
5508,3.0517
5509,3.0517
5510,3.0517
5511,3.0517
5512,3.0517
5513,3.0517
5514,3.0517
5515,3.0517
5516,3.0517
5517,3.0517
5518,3.0517
5519,3.0517
5520,3.0517
5521,3.0517
5522,3.0517
5523,3.0517
5524,3.0517
5525,3.0517
5526,3.0517
5527,3.0517
5528,3.0517
5529,3.0517
5530,3.0517
5531,3.0517
5532,3.0517
5533,3.0517
5534,3.0517
5535,3.0517
5536,3.0517
5537,3.0517
5538,3.0517
5539,3.0517
5540,3.0517
5541,3.0517
5542,3.0517
5543,3.0517
5544,3.0517
5545,3.0517
5546,3.0517
5547,3.0517
5548,3.0517
5549,3.0517
5550,3.0517
5551,3.0517
5552,3.0517
5553,3.0517
5554,3.0517
5555,3.0517
5556,3.0517
5557,3.0517
5558,3.0517
5559,3.0517
5560,3.0517
5561,3.0517
5562,3.0517
5563,3.0517
5564,3.0517
5565,3.0517
5566,3.0517
5567,3.0517
5568,3.0517
5569,3.0517
5570,3.0517
5571,3.0517
5572,3.0517
5573,3.0517
5574,3.0517
5575,3.0517
5576,3.0517
5577,3.0517
5578,3.0517
5579,3.0517
5580,3.0517
5581,3.0517
5582,3.0517
5583,3.0517
5584,3.0517
5585,3.0517
5586,3.0517
5587,3.0517
5588,3.0517
5589,3.0517
5590,3.0517
5591,3.0517
5592,3.0517
5593,3.0517
5594,3.0517
5595,3.0517
5596,3.0517
5597,3.0517
5598,3.0517
5599,3.0517
5600,3.0517
5601,3.0517
5602,3.0517
5603,3.0517
5604,3.0517
5605,3.0517
5606,3.0517
5607,3.0517
5608,3.0517
5609,3.0517
5610,3.0517
5611,3.0517
5612,3.0517
5613,3.0517
5614,3.0517
5615,3.0517
5616,3.0517
5617,3.0517
5618,3.0517
5619,3.0517
5620,3.0517
5621,3.0517
5622,3.0517
5623,3.0517
5624,3.0517
5625,3.0517
5626,3.0517
5627,3.0517
5628,3.0517
5629,3.0517
5630,3.0517
5631,3.0517
5632,3.0517
5633,3.0517
5634,3.0517
5635,3.0517
5636,3.0517
5637,3.0517
5638,3.0517
5639,3.0517
5640,3.0517
5641,3.0517
5642,3.0517
5643,3.0517
5644,3.0517
5645,3.0517
5646,3.0517
5647,3.0517
5648,3.0517
5649,3.0517
5650,3.0517
5651,3.0517
5652,3.0517
5653,3.0517
5654,3.0517
5655,3.0517
5656,3.0517
5657,3.0517
5658,3.0517
5659,3.0517
5660,3.0517
5661,3.0517
5662,3.0517
5663,3.0517
5664,3.0517
5665,3.0517
5666,3.0517
5667,3.0517
5668,3.0517
5669,3.0517
5670,3.0517
5671,3.0517
5672,3.0517
5673,3.0517
5674,3.0517
5675,3.0517
5676,3.0517
5677,3.0517
5678,3.0517
5679,3.0517
5680,3.0517
5681,3.0517
5682,3.0517
5683,3.0517
5684,3.0517
5685,3.0517
5686,3.0517
5687,3.0517
5688,3.0517
5689,3.0517
5690,3.0517
5691,3.0517
5692,3.0517
5693,3.0517
5694,3.0517
5695,3.0517
5696,3.0517
5697,3.0517
5698,3.0517
5699,3.0517
5700,3.0517
5701,3.0517
5702,3.0517
5703,3.0517
5704,3.0517
5705,3.0517
5706,3.0517
5707,3.0517
5708,3.0517
5709,3.0517
5710,3.0517
5711,3.0517
5712,3.0517
5713,3.0517
5714,3.0517
5715,3.0517
5716,3.0517
5717,3.0517
5718,3.0517
5719,3.0517
5720,3.0517
5721,3.0517
5722,3.0517
5723,3.0517
5724,3.0517
5725,3.0517
5726,3.0517
5727,3.0517
5728,3.0517
5729,3.0517
5730,3.0517
5731,3.0517
5732,3.0517
5733,3.0517
5734,3.0517
5735,3.0517
5736,3.0517
5737,3.0517
5738,3.0517
5739,3.0517
5740,3.0517
5741,3.0517
5742,3.0517
5743,3.0517
5744,3.0517
5745,3.0517
5746,3.0517
5747,3.0517
5748,3.0517
5749,3.0517
5750,3.0517
5751,3.0517
5752,3.0517
5753,3.0517
5754,3.0517
5755,3.0517
5756,3.0517
5757,3.0517
5758,3.0517
5759,3.0517
5760,3.0517
5761,3.0517
5762,3.0517
5763,3.0517
5764,3.0517
5765,3.0517
5766,3.0517
5767,3.0517
5768,3.0517
5769,3.0517
5770,3.0517
5771,3.0517
5772,3.0517
5773,3.0517
5774,3.0517
5775,3.0517
5776,3.0517
5777,3.0517
5778,3.0517
5779,3.0517
5780,3.0517
5781,3.0517
5782,3.0517
5783,3.0517
5784,3.0517
5785,3.0517
5786,3.0517
5787,3.0517
5788,3.0517
5789,3.0517
5790,3.0517
5791,3.0517
5792,3.0517
5793,3.0517
5794,3.0517
5795,3.0517
5796,3.0517
5797,3.0517
5798,3.0517
5799,3.0517
5800,3.0517
5801,3.0517
5802,3.0517
5803,3.0517
5804,3.0517
5805,3.0517
5806,3.0517
5807,3.0517
5808,3.0745
5809,3.0745
5810,3.0745
5811,3.0745
5812,3.0745
5813,3.0745
5814,3.0745
5815,3.0745
5816,3.0745
5817,3.0745
5818,3.0745
5819,3.0745
5820,3.0745
5821,3.0745
5822,3.0745
5823,3.0745
5824,3.0745
5825,3.0745
5826,3.0745
5827,3.0745
5828,3.0745
5829,3.0745
5830,3.0745
5831,3.0745
5832,3.0745
5833,3.0745
5834,3.0745
5835,3.0745
5836,3.0745
5837,3.0745
5838,3.0745
5839,3.0745
5840,3.0745
5841,3.0745
5842,3.0745
5843,3.0745
5844,3.0745
5845,3.0745
5846,3.0745
5847,3.0745
5848,3.0745
5849,3.0745
5850,3.0745
5851,3.0745
5852,3.0745
5853,3.0745
5854,3.0745
5855,3.0745
5856,3.0745
5857,3.0745
5858,3.0745
5859,3.0745
5860,3.0745
5861,3.0745
5862,3.0745
5863,3.0745
5864,3.0745
5865,3.0745
5866,3.0745
5867,3.0745
5868,3.0745
5869,3.0745
5870,3.0745
5871,3.0745
5872,3.0745
5873,3.0745
5874,3.0745
5875,3.0745
5876,3.0745
5877,3.0745
5878,3.0745
5879,3.0745
5880,3.0745
5881,3.0745
5882,3.0745
5883,3.0745
5884,3.0745
5885,3.0745
5886,3.0745
5887,3.0745
5888,3.0745
5889,3.0745
5890,3.0745
5891,3.0745
5892,3.0745
5893,3.0745
5894,3.0745
5895,3.0745
5896,3.0745
5897,3.0745
5898,3.0745
5899,3.0745
5900,3.0745
5901,3.0745
5902,3.0745
5903,3.0745
5904,3.0745
5905,3.0745
5906,3.0745
5907,3.0745
5908,3.0745
5909,3.0745
5910,3.0745
5911,3.0745
5912,3.0745
5913,3.0745
5914,3.0745
5915,3.0745
5916,3.0745
5917,3.0745
5918,3.0745
5919,3.0745
5920,3.0745
5921,3.0745
5922,3.0745
5923,3.0745
5924,3.0745
5925,3.0745
5926,3.0745
5927,3.0745
5928,3.0745
5929,3.0745
5930,3.0745
5931,3.0745
5932,3.0745
5933,3.0745
5934,3.0745
5935,3.0745
5936,3.0745
5937,3.0745
5938,3.0745
5939,3.0745
5940,3.0745
5941,3.0745
5942,3.0745
5943,3.0745
5944,3.0745
5945,3.0745
5946,3.0745
5947,3.0745
5948,3.0745
5949,3.0745
5950,3.0745
5951,3.0745
5952,3.0745
5953,3.0745
5954,3.0745
5955,3.0745
5956,3.0745
5957,3.0745
5958,3.0745
5959,3.0745
5960,3.0745
5961,3.0745
5962,3.0745
5963,3.0745
5964,3.0745
5965,3.0745
5966,3.0745
5967,3.0745
5968,3.0745
5969,3.0745
5970,3.0745
5971,3.0745
5972,3.0745
5973,3.0745
5974,3.0745
5975,3.0745
5976,3.0745
5977,3.0745
5978,3.0745
5979,3.0745
5980,3.0745
5981,3.0745
5982,3.0745
5983,3.0745
5984,3.0745
5985,3.0745
5986,3.0745
5987,3.0745
5988,3.0745
5989,3.0745
5990,3.0745
5991,3.0745
5992,3.0745
5993,3.0745
5994,3.0745
5995,3.0745
5996,3.0745
5997,3.0745
5998,3.0745
5999,3.0745
6000,3.0745
6001,3.0745
6002,3.0745
6003,3.0745
6004,3.0745
6005,3.0745
6006,3.0745
6007,3.0745
6008,3.0745
6009,3.0745
6010,3.0745
6011,3.0745
6012,3.0745
6013,3.0745
6014,3.0745
6015,3.0745
6016,3.0745
6017,3.0745
6018,3.0745
6019,3.0745
6020,3.0745
6021,3.0745
6022,3.0745
6023,3.0745
6024,3.0745
6025,3.0745
6026,3.0745
6027,3.0745
6028,3.0745
6029,3.0745
6030,3.0745
6031,3.0745
6032,3.0745
6033,3.0745
6034,3.0745
6035,3.0745
6036,3.0745
6037,3.0745
6038,3.0745
6039,3.0745
6040,3.0745
6041,3.0745
6042,3.0745
6043,3.0745
6044,3.0745
6045,3.0745
6046,3.0745
6047,3.0745
6048,3.0745
6049,3.0745
6050,3.0745
6051,3.0745
6052,3.0745
6053,3.0745
6054,3.0745
6055,3.0745
6056,3.0745
6057,3.0745
6058,3.0745
6059,3.0745
6060,3.0745
6061,3.0745
6062,3.0745
6063,3.0745
6064,3.0745
6065,3.0745
6066,3.0745
6067,3.0745
6068,3.0745
6069,3.0745
6070,3.0745
6071,3.0745
6072,3.0745
6073,3.0745
6074,3.0745
6075,3.0745
6076,3.0745
6077,3.0745
6078,3.0745
6079,3.0745
6080,3.0745
6081,3.0745
6082,3.0745
6083,3.0745
6084,3.0745
6085,3.0745
6086,3.0745
6087,3.0745
6088,3.0745
6089,3.0745
6090,3.0745
6091,3.0745
6092,3.0745
6093,3.0745
6094,3.0745
6095,3.0745
6096,3.0745
6097,3.0745
6098,3.0745
6099,3.0745
6100,3.0745
6101,3.0745
6102,3.0745
6103,3.0745
6104,3.0745
6105,3.0745
6106,3.0745
6107,3.0745
6108,3.0745
6109,3.0745
6110,3.0745
6111,3.0745
6112,3.0745
6113,3.0745
6114,3.0745
6115,3.0745
6116,3.0745
6117,3.0745
6118,3.0745
6119,3.0745
6120,3.0745
6121,3.0745
6122,3.0745
6123,3.0745
6124,3.0745
6125,3.0745
6126,3.0745
6127,3.0745
6128,3.0745
6129,3.0745
6130,3.0745
6131,3.0745
6132,3.0745
6133,3.0745
6134,3.0745
6135,3.0745
6136,3.0745
6137,3.0745
6138,3.0745
6139,3.0745
6140,3.0745
6141,3.0745
6142,3.0745
6143,3.0745
6144,3.0745
6145,3.0745
6146,3.0745
6147,3.0745
6148,3.0745
6149,3.0745
6150,3.0745
6151,3.0745
6152,3.0745
6153,3.0745
6154,3.0745
6155,3.0745
6156,3.0745
6157,3.0745
6158,3.0745
6159,3.0745
6160,3.0745
6161,3.0745
6162,3.0745
6163,3.0745
6164,3.0745
6165,3.0745
6166,3.0745
6167,3.0745
6168,3.0745
6169,3.0745
6170,3.0745
6171,3.0745
6172,3.0745
6173,3.0745
6174,3.0745
6175,3.0745
6176,3.0745
6177,3.0745
6178,3.0745
6179,3.0745
6180,3.0745
6181,3.0745
6182,3.0745
6183,3.0745
6184,3.0745
6185,3.0745
6186,3.0745
6187,3.0745
6188,3.0745
6189,3.0745
6190,3.0745
6191,3.0745
6192,3.0745
6193,3.0745
6194,3.0745
6195,3.0745
6196,3.0745
6197,3.0745
6198,3.0745
6199,3.0745
6200,3.0745
6201,3.0745
6202,3.0745
6203,3.0745
6204,3.0745
6205,3.0745
6206,3.0745
6207,3.0745
6208,3.0745
6209,3.0745
6210,3.0745
6211,3.0745
6212,3.0745
6213,3.0745
6214,3.0745
6215,3.0745
6216,3.0745
6217,3.0745
6218,3.0745
6219,3.0745
6220,3.0745
6221,3.0745
6222,3.0745
6223,3.0745
6224,3.0745
6225,3.0745
6226,3.0745
6227,3.0745
6228,3.0745
6229,3.0745
6230,3.0745
6231,3.0745
6232,3.0745
6233,3.0745
6234,3.0745
6235,3.0745
6236,3.0745
6237,3.0745
6238,3.0745
6239,3.0745
6240,3.0745
6241,3.0745
6242,3.0745
6243,3.0745
6244,3.0745
6245,3.0745
6246,3.0745
6247,3.0745
6248,3.0745
6249,3.0745
6250,3.0745
6251,3.0745
6252,3.0745
6253,3.0745
6254,3.0745
6255,3.0745
6256,3.0745
6257,3.0745
6258,3.0745
6259,3.0745
6260,3.0745
6261,3.0745
6262,3.0745
6263,3.0745
6264,3.0745
6265,3.0745
6266,3.0745
6267,3.0745
6268,3.0745
6269,3.0745
6270,3.0745
6271,3.0745
6272,3.0745
6273,3.0745
6274,3.0745
6275,3.0745
6276,3.0745
6277,3.0745
6278,3.0745
6279,3.0745
6280,3.0745
6281,3.0745
6282,3.0745
6283,3.0745
6284,3.0745
6285,3.0745
6286,3.0745
6287,3.0745
6288,3.0745
6289,3.0745
6290,3.0745
6291,3.0745
6292,3.0745
6293,3.0745
6294,3.0745
6295,3.0745
6296,3.0745
6297,3.0745
6298,3.0745
6299,3.0745
6300,3.0745
6301,3.0745
6302,3.0745
6303,3.0745
6304,3.0745
6305,3.0745
6306,3.0745
6307,3.0745
6308,3.0745
6309,3.0745
6310,3.0745
6311,3.0745
6312,3.0745
6313,3.0745
6314,3.0745
6315,3.0745
6316,3.0745
6317,3.0745
6318,3.0745
6319,3.0745
6320,3.0745
6321,3.0745
6322,3.0745
6323,3.0745
6324,3.0745
6325,3.0745
6326,3.0745
6327,3.0745
6328,3.0745
6329,3.0745
6330,3.0745
6331,3.0745
6332,3.0745
6333,3.0745
6334,3.0745
6335,3.0745
6336,3.0745
6337,3.0745
6338,3.0745
6339,3.0745
6340,3.0745
6341,3.0745
6342,3.0745
6343,3.0745
6344,3.0745
6345,3.0745
6346,3.0745
6347,3.0745
6348,3.0745
6349,3.0745
6350,3.0745
6351,3.0745
6352,3.0745
6353,3.0745
6354,3.0745
6355,3.0745
6356,3.0745
6357,3.0745
6358,3.0745
6359,3.0745
6360,3.0745
6361,3.0745
6362,3.0745
6363,3.0745
6364,3.0745
6365,3.0745
6366,3.0745
6367,3.0745
6368,3.0745
6369,3.0745
6370,3.0745
6371,3.0745
6372,3.0745
6373,3.0745
6374,3.0745
6375,3.0745
6376,3.0745
6377,3.0745
6378,3.0745
6379,3.0745
6380,3.0745
6381,3.0745
6382,3.0745
6383,3.0745
6384,3.0745
6385,3.0745
6386,3.0745
6387,3.0745
6388,3.0745
6389,3.0745
6390,3.0745
6391,3.0745
6392,3.0745
6393,3.0745
6394,3.0745
6395,3.0745
6396,3.0745
6397,3.0745
6398,3.0745
6399,3.0745
6400,3.0745
6401,3.0745
6402,3.0745
6403,3.0745
6404,3.0745
6405,3.0745
6406,3.0745
6407,3.0745
6408,3.0745
6409,3.0745
6410,3.0745
6411,3.0745
6412,3.0745
6413,3.0745
6414,3.0745
6415,3.0745
6416,3.0745
6417,3.0745
6418,3.0745
6419,3.0745
6420,3.0745
6421,3.0745
6422,3.0745
6423,3.0745
6424,3.0745
6425,3.0745
6426,3.0745
6427,3.0745
6428,3.0745
6429,3.0745
6430,3.0745
6431,3.0745
6432,3.0745
6433,3.0745
6434,3.0745
6435,3.0745
6436,3.0745
6437,3.0745
6438,3.0745
6439,3.0745
6440,3.0745
6441,3.0745
6442,3.0745
6443,3.0745
6444,3.0745
6445,3.0745
6446,3.0745
6447,3.0745
6448,3.0745
6449,3.0745
6450,3.0745
6451,3.0745
6452,3.0745
6453,3.0745
6454,3.0745
6455,3.0745
6456,3.0745
6457,3.0745
6458,3.0745
6459,3.0745
6460,3.0745
6461,3.0745
6462,3.0745
6463,3.0745
6464,3.0745
6465,3.0745
6466,3.0745
6467,3.0745
6468,3.0745
6469,3.0745
6470,3.0745
6471,3.0745
6472,3.0745
6473,3.0745
6474,3.0745
6475,3.0745
6476,3.0745
6477,3.0745
6478,3.0745
6479,3.0745
6480,3.0745
6481,3.0745
6482,3.0745
6483,3.0745
6484,3.0745
6485,3.0745
6486,3.0745
6487,3.0745
6488,3.0745
6489,3.0745
6490,3.0745
6491,3.0745
6492,3.0745
6493,3.0745
6494,3.0745
6495,3.0745
6496,3.0745
6497,3.0745
6498,3.0745
6499,3.0745
6500,3.0745
6501,3.0745
6502,3.0745
6503,3.0745
6504,3.0745
6505,3.0745
6506,3.0745
6507,3.0745
6508,3.0745
6509,3.0745
6510,3.0745
6511,3.0745
6512,3.0745
6513,3.0745
6514,3.0745
6515,3.0745
6516,3.0745
6517,3.0745
6518,3.0745
6519,3.0745
6520,3.0745
6521,3.0745
6522,3.0745
6523,3.0745
6524,3.0745
6525,3.0745
6526,3.0745
6527,3.0745
6528,3.2337
6529,3.2337
6530,3.2337
6531,3.2337
6532,3.2337
6533,3.2337
6534,3.2337
6535,3.2337
6536,3.2337
6537,3.2337
6538,3.2337
6539,3.2337
6540,3.2337
6541,3.2337
6542,3.2337
6543,3.2337
6544,3.2337
6545,3.2337
6546,3.2337
6547,3.2337
6548,3.2337
6549,3.2337
6550,3.2337
6551,3.2337
6552,3.2337
6553,3.2337
6554,3.2337
6555,3.2337
6556,3.2337
6557,3.2337
6558,3.2337
6559,3.2337
6560,3.2337
6561,3.2337
6562,3.2337
6563,3.2337
6564,3.2337
6565,3.2337
6566,3.2337
6567,3.2337
6568,3.2337
6569,3.2337
6570,3.2337
6571,3.2337
6572,3.2337
6573,3.2337
6574,3.2337
6575,3.2337
6576,3.2337
6577,3.2337
6578,3.2337
6579,3.2337
6580,3.2337
6581,3.2337
6582,3.2337
6583,3.2337
6584,3.2337
6585,3.2337
6586,3.2337
6587,3.2337
6588,3.2337
6589,3.2337
6590,3.2337
6591,3.2337
6592,3.2337
6593,3.2337
6594,3.2337
6595,3.2337
6596,3.2337
6597,3.2337
6598,3.2337
6599,3.2337
6600,3.2337
6601,3.2337
6602,3.2337
6603,3.2337
6604,3.2337
6605,3.2337
6606,3.2337
6607,3.2337
6608,3.2337
6609,3.2337
6610,3.2337
6611,3.2337
6612,3.2337
6613,3.2337
6614,3.2337
6615,3.2337
6616,3.2337
6617,3.2337
6618,3.2337
6619,3.2337
6620,3.2337
6621,3.2337
6622,3.2337
6623,3.2337
6624,3.2337
6625,3.2337
6626,3.2337
6627,3.2337
6628,3.2337
6629,3.2337
6630,3.2337
6631,3.2337
6632,3.2337
6633,3.2337
6634,3.2337
6635,3.2337
6636,3.2337
6637,3.2337
6638,3.2337
6639,3.2337
6640,3.2337
6641,3.2337
6642,3.2337
6643,3.2337
6644,3.2337
6645,3.2337
6646,3.2337
6647,3.2337
6648,3.2337
6649,3.2337
6650,3.2337
6651,3.2337
6652,3.2337
6653,3.2337
6654,3.2337
6655,3.2337
6656,3.2337
6657,3.2337
6658,3.2337
6659,3.2337
6660,3.2337
6661,3.2337
6662,3.2337
6663,3.2337
6664,3.2337
6665,3.2337
6666,3.2337
6667,3.2337
6668,3.2337
6669,3.2337
6670,3.2337
6671,3.2337
6672,3.2337
6673,3.2337
6674,3.2337
6675,3.2337
6676,3.2337
6677,3.2337
6678,3.2337
6679,3.2337
6680,3.2337
6681,3.2337
6682,3.2337
6683,3.2337
6684,3.2337
6685,3.2337
6686,3.2337
6687,3.2337
6688,3.2337
6689,3.2337
6690,3.2337
6691,3.2337
6692,3.2337
6693,3.2337
6694,3.2337
6695,3.2337
6696,3.2337
6697,3.2337
6698,3.2337
6699,3.2337
6700,3.2337
6701,3.2337
6702,3.2337
6703,3.2337
6704,3.2337
6705,3.2337
6706,3.2337
6707,3.2337
6708,3.2337
6709,3.2337
6710,3.2337
6711,3.2337
6712,3.2337
6713,3.2337
6714,3.2337
6715,3.2337
6716,3.2337
6717,3.2337
6718,3.2337
6719,3.2337
6720,3.2337
6721,3.2337
6722,3.2337
6723,3.2337
6724,3.2337
6725,3.2337
6726,3.2337
6727,3.2337
6728,3.2337
6729,3.2337
6730,3.2337
6731,3.2337
6732,3.2337
6733,3.2337
6734,3.2337
6735,3.2337
6736,3.2337
6737,3.2337
6738,3.2337
6739,3.2337
6740,3.2337
6741,3.2337
6742,3.2337
6743,3.2337
6744,3.2337
6745,3.2337
6746,3.2337
6747,3.2337
6748,3.2337
6749,3.2337
6750,3.2337
6751,3.2337
6752,3.2337
6753,3.2337
6754,3.2337
6755,3.2337
6756,3.2337
6757,3.2337
6758,3.2337
6759,3.2337
6760,3.2337
6761,3.2337
6762,3.2337
6763,3.2337
6764,3.2337
6765,3.2337
6766,3.2337
6767,3.2337
6768,3.2337
6769,3.2337
6770,3.2337
6771,3.2337
6772,3.2337
6773,3.2337
6774,3.2337
6775,3.2337
6776,3.2337
6777,3.2337
6778,3.2337
6779,3.2337
6780,3.2337
6781,3.2337
6782,3.2337
6783,3.2337
6784,3.2337
6785,3.2337
6786,3.2337
6787,3.2337
6788,3.2337
6789,3.2337
6790,3.2337
6791,3.2337
6792,3.2337
6793,3.2337
6794,3.2337
6795,3.2337
6796,3.2337
6797,3.2337
6798,3.2337
6799,3.2337
6800,3.2337
6801,3.2337
6802,3.2337
6803,3.2337
6804,3.2337
6805,3.2337
6806,3.2337
6807,3.2337
6808,3.2337
6809,3.2337
6810,3.2337
6811,3.2337
6812,3.2337
6813,3.2337
6814,3.2337
6815,3.2337
6816,3.2337
6817,3.2337
6818,3.2337
6819,3.2337
6820,3.2337
6821,3.2337
6822,3.2337
6823,3.2337
6824,3.2337
6825,3.2337
6826,3.2337
6827,3.2337
6828,3.2337
6829,3.2337
6830,3.2337
6831,3.2337
6832,3.2337
6833,3.2337
6834,3.2337
6835,3.2337
6836,3.2337
6837,3.2337
6838,3.2337
6839,3.2337
6840,3.2337
6841,3.2337
6842,3.2337
6843,3.2337
6844,3.2337
6845,3.2337
6846,3.2337
6847,3.2337
6848,3.2337
6849,3.2337
6850,3.2337
6851,3.2337
6852,3.2337
6853,3.2337
6854,3.2337
6855,3.2337
6856,3.2337
6857,3.2337
6858,3.2337
6859,3.2337
6860,3.2337
6861,3.2337
6862,3.2337
6863,3.2337
6864,3.2337
6865,3.2337
6866,3.2337
6867,3.2337
6868,3.2337
6869,3.2337
6870,3.2337
6871,3.2337
6872,3.2337
6873,3.2337
6874,3.2337
6875,3.2337
6876,3.2337
6877,3.2337
6878,3.2337
6879,3.2337
6880,3.2337
6881,3.2337
6882,3.2337
6883,3.2337
6884,3.2337
6885,3.2337
6886,3.2337
6887,3.2337
6888,3.2337
6889,3.2337
6890,3.2337
6891,3.2337
6892,3.2337
6893,3.2337
6894,3.2337
6895,3.2337
6896,3.2337
6897,3.2337
6898,3.2337
6899,3.2337
6900,3.2337
6901,3.2337
6902,3.2337
6903,3.2337
6904,3.2337
6905,3.2337
6906,3.2337
6907,3.2337
6908,3.2337
6909,3.2337
6910,3.2337
6911,3.2337
6912,3.2337
6913,3.2337
6914,3.2337
6915,3.2337
6916,3.2337
6917,3.2337
6918,3.2337
6919,3.2337
6920,3.2337
6921,3.2337
6922,3.2337
6923,3.2337
6924,3.2337
6925,3.2337
6926,3.2337
6927,3.2337
6928,3.2337
6929,3.2337
6930,3.2337
6931,3.2337
6932,3.2337
6933,3.2337
6934,3.2337
6935,3.2337
6936,3.2337
6937,3.2337
6938,3.2337
6939,3.2337
6940,3.2337
6941,3.2337
6942,3.2337
6943,3.2337
6944,3.2337
6945,3.2337
6946,3.2337
6947,3.2337
6948,3.2337
6949,3.2337
6950,3.2337
6951,3.2337
6952,3.2337
6953,3.2337
6954,3.2337
6955,3.2337
6956,3.2337
6957,3.2337
6958,3.2337
6959,3.2337
6960,3.2337
6961,3.2337
6962,3.2337
6963,3.2337
6964,3.2337
6965,3.2337
6966,3.2337
6967,3.2337
6968,3.2337
6969,3.2337
6970,3.2337
6971,3.2337
6972,3.2337
6973,3.2337
6974,3.2337
6975,3.2337
6976,3.2337
6977,3.2337
6978,3.2337
6979,3.2337
6980,3.2337
6981,3.2337
6982,3.2337
6983,3.2337
6984,3.2337
6985,3.2337
6986,3.2337
6987,3.2337
6988,3.2337
6989,3.2337
6990,3.2337
6991,3.2337
6992,3.2337
6993,3.2337
6994,3.2337
6995,3.2337
6996,3.2337
6997,3.2337
6998,3.2337
6999,3.2337
7000,3.2337
7001,3.2337
7002,3.2337
7003,3.2337
7004,3.2337
7005,3.2337
7006,3.2337
7007,3.2337
7008,3.2337
7009,3.2337
7010,3.2337
7011,3.2337
7012,3.2337
7013,3.2337
7014,3.2337
7015,3.2337
7016,3.2337
7017,3.2337
7018,3.2337
7019,3.2337
7020,3.2337
7021,3.2337
7022,3.2337
7023,3.2337
7024,3.2337
7025,3.2337
7026,3.2337
7027,3.2337
7028,3.2337
7029,3.2337
7030,3.2337
7031,3.2337
7032,3.2337
7033,3.2337
7034,3.2337
7035,3.2337
7036,3.2337
7037,3.2337
7038,3.2337
7039,3.2337
7040,3.2337
7041,3.2337
7042,3.2337
7043,3.2337
7044,3.2337
7045,3.2337
7046,3.2337
7047,3.2337
7048,3.2337
7049,3.2337
7050,3.2337
7051,3.2337
7052,3.2337
7053,3.2337
7054,3.2337
7055,3.2337
7056,3.2337
7057,3.2337
7058,3.2337
7059,3.2337
7060,3.2337
7061,3.2337
7062,3.2337
7063,3.2337
7064,3.2337
7065,3.2337
7066,3.2337
7067,3.2337
7068,3.2337
7069,3.2337
7070,3.2337
7071,3.2337
7072,3.2337
7073,3.2337
7074,3.2337
7075,3.2337
7076,3.2337
7077,3.2337
7078,3.2337
7079,3.2337
7080,3.2337
7081,3.2337
7082,3.2337
7083,3.2337
7084,3.2337
7085,3.2337
7086,3.2337
7087,3.2337
7088,3.2337
7089,3.2337
7090,3.2337
7091,3.2337
7092,3.2337
7093,3.2337
7094,3.2337
7095,3.2337
7096,3.2337
7097,3.2337
7098,3.2337
7099,3.2337
7100,3.2337
7101,3.2337
7102,3.2337
7103,3.2337
7104,3.2337
7105,3.2337
7106,3.2337
7107,3.2337
7108,3.2337
7109,3.2337
7110,3.2337
7111,3.2337
7112,3.2337
7113,3.2337
7114,3.2337
7115,3.2337
7116,3.2337
7117,3.2337
7118,3.2337
7119,3.2337
7120,3.2337
7121,3.2337
7122,3.2337
7123,3.2337
7124,3.2337
7125,3.2337
7126,3.2337
7127,3.2337
7128,3.2337
7129,3.2337
7130,3.2337
7131,3.2337
7132,3.2337
7133,3.2337
7134,3.2337
7135,3.2337
7136,3.2337
7137,3.2337
7138,3.2337
7139,3.2337
7140,3.2337
7141,3.2337
7142,3.2337
7143,3.2337
7144,3.2337
7145,3.2337
7146,3.2337
7147,3.2337
7148,3.2337
7149,3.2337
7150,3.2337
7151,3.2337
7152,3.2337
7153,3.2337
7154,3.2337
7155,3.2337
7156,3.2337
7157,3.2337
7158,3.2337
7159,3.2337
7160,3.2337
7161,3.2337
7162,3.2337
7163,3.2337
7164,3.2337
7165,3.2337
7166,3.2337
7167,3.2337
7168,3.2337
7169,3.2337
7170,3.2337
7171,3.2337
7172,3.2337
7173,3.2337
7174,3.2337
7175,3.2337
7176,3.2337
7177,3.2337
7178,3.2337
7179,3.2337
7180,3.2337
7181,3.2337
7182,3.2337
7183,3.2337
7184,3.2337
7185,3.2337
7186,3.2337
7187,3.2337
7188,3.2337
7189,3.2337
7190,3.2337
7191,3.2337
7192,3.2337
7193,3.2337
7194,3.2337
7195,3.2337
7196,3.2337
7197,3.2337
7198,3.2337
7199,3.2337
7200,3.2337
7201,3.2337
7202,3.2337
7203,3.2337
7204,3.2337
7205,3.2337
7206,3.2337
7207,3.2337
7208,3.2337
7209,3.2337
7210,3.2337
7211,3.2337
7212,3.2337
7213,3.2337
7214,3.2337
7215,3.2337
7216,3.2337
7217,3.2337
7218,3.2337
7219,3.2337
7220,3.2337
7221,3.2337
7222,3.2337
7223,3.2337
7224,3.2337
7225,3.2337
7226,3.2337
7227,3.2337
7228,3.2337
7229,3.2337
7230,3.2337
7231,3.2337
7232,3.2337
7233,3.2337
7234,3.2337
7235,3.2337
7236,3.2337
7237,3.2337
7238,3.2337
7239,3.2337
7240,3.2337
7241,3.2337
7242,3.2337
7243,3.2337
7244,3.2337
7245,3.2337
7246,3.2337
7247,3.2337
7248,3.2337
7249,3.2337
7250,3.2337
7251,3.2337
7252,3.2337
7253,3.2337
7254,3.2337
7255,3.2337
7256,3.2337
7257,3.2337
7258,3.2337
7259,3.2337
7260,3.2337
7261,3.2337
7262,3.2337
7263,3.2337
7264,3.2337
7265,3.2337
7266,3.2337
7267,3.2337
7268,3.2337
7269,3.2337
7270,3.2337
7271,3.2337
7272,3.4272
7273,3.4272
7274,3.4272
7275,3.4272
7276,3.4272
7277,3.4272
7278,3.4272
7279,3.4272
7280,3.4272
7281,3.4272
7282,3.4272
7283,3.4272
7284,3.4272
7285,3.4272
7286,3.4272
7287,3.4272
7288,3.4272
7289,3.4272
7290,3.4272
7291,3.4272
7292,3.4272
7293,3.4272
7294,3.4272
7295,3.4272
7296,3.4272
7297,3.4272
7298,3.4272
7299,3.4272
7300,3.4272
7301,3.4272
7302,3.4272
7303,3.4272
7304,3.4272
7305,3.4272
7306,3.4272
7307,3.4272
7308,3.4272
7309,3.4272
7310,3.4272
7311,3.4272
7312,3.4272
7313,3.4272
7314,3.4272
7315,3.4272
7316,3.4272
7317,3.4272
7318,3.4272
7319,3.4272
7320,3.4272
7321,3.4272
7322,3.4272
7323,3.4272
7324,3.4272
7325,3.4272
7326,3.4272
7327,3.4272
7328,3.4272
7329,3.4272
7330,3.4272
7331,3.4272
7332,3.4272
7333,3.4272
7334,3.4272
7335,3.4272
7336,3.4272
7337,3.4272
7338,3.4272
7339,3.4272
7340,3.4272
7341,3.4272
7342,3.4272
7343,3.4272
7344,3.4272
7345,3.4272
7346,3.4272
7347,3.4272
7348,3.4272
7349,3.4272
7350,3.4272
7351,3.4272
7352,3.4272
7353,3.4272
7354,3.4272
7355,3.4272
7356,3.4272
7357,3.4272
7358,3.4272
7359,3.4272
7360,3.4272
7361,3.4272
7362,3.4272
7363,3.4272
7364,3.4272
7365,3.4272
7366,3.4272
7367,3.4272
7368,3.4272
7369,3.4272
7370,3.4272
7371,3.4272
7372,3.4272
7373,3.4272
7374,3.4272
7375,3.4272
7376,3.4272
7377,3.4272
7378,3.4272
7379,3.4272
7380,3.4272
7381,3.4272
7382,3.4272
7383,3.4272
7384,3.4272
7385,3.4272
7386,3.4272
7387,3.4272
7388,3.4272
7389,3.4272
7390,3.4272
7391,3.4272
7392,3.4272
7393,3.4272
7394,3.4272
7395,3.4272
7396,3.4272
7397,3.4272
7398,3.4272
7399,3.4272
7400,3.4272
7401,3.4272
7402,3.4272
7403,3.4272
7404,3.4272
7405,3.4272
7406,3.4272
7407,3.4272
7408,3.4272
7409,3.4272
7410,3.4272
7411,3.4272
7412,3.4272
7413,3.4272
7414,3.4272
7415,3.4272
7416,3.4272
7417,3.4272
7418,3.4272
7419,3.4272
7420,3.4272
7421,3.4272
7422,3.4272
7423,3.4272
7424,3.4272
7425,3.4272
7426,3.4272
7427,3.4272
7428,3.4272
7429,3.4272
7430,3.4272
7431,3.4272
7432,3.4272
7433,3.4272
7434,3.4272
7435,3.4272
7436,3.4272
7437,3.4272
7438,3.4272
7439,3.4272
7440,3.4272
7441,3.4272
7442,3.4272
7443,3.4272
7444,3.4272
7445,3.4272
7446,3.4272
7447,3.4272
7448,3.4272
7449,3.4272
7450,3.4272
7451,3.4272
7452,3.4272
7453,3.4272
7454,3.4272
7455,3.4272
7456,3.4272
7457,3.4272
7458,3.4272
7459,3.4272
7460,3.4272
7461,3.4272
7462,3.4272
7463,3.4272
7464,3.4272
7465,3.4272
7466,3.4272
7467,3.4272
7468,3.4272
7469,3.4272
7470,3.4272
7471,3.4272
7472,3.4272
7473,3.4272
7474,3.4272
7475,3.4272
7476,3.4272
7477,3.4272
7478,3.4272
7479,3.4272
7480,3.4272
7481,3.4272
7482,3.4272
7483,3.4272
7484,3.4272
7485,3.4272
7486,3.4272
7487,3.4272
7488,3.4272
7489,3.4272
7490,3.4272
7491,3.4272
7492,3.4272
7493,3.4272
7494,3.4272
7495,3.4272
7496,3.4272
7497,3.4272
7498,3.4272
7499,3.4272
7500,3.4272
7501,3.4272
7502,3.4272
7503,3.4272
7504,3.4272
7505,3.4272
7506,3.4272
7507,3.4272
7508,3.4272
7509,3.4272
7510,3.4272
7511,3.4272
7512,3.4272
7513,3.4272
7514,3.4272
7515,3.4272
7516,3.4272
7517,3.4272
7518,3.4272
7519,3.4272
7520,3.4272
7521,3.4272
7522,3.4272
7523,3.4272
7524,3.4272
7525,3.4272
7526,3.4272
7527,3.4272
7528,3.4272
7529,3.4272
7530,3.4272
7531,3.4272
7532,3.4272
7533,3.4272
7534,3.4272
7535,3.4272
7536,3.4272
7537,3.4272
7538,3.4272
7539,3.4272
7540,3.4272
7541,3.4272
7542,3.4272
7543,3.4272
7544,3.4272
7545,3.4272
7546,3.4272
7547,3.4272
7548,3.4272
7549,3.4272
7550,3.4272
7551,3.4272
7552,3.4272
7553,3.4272
7554,3.4272
7555,3.4272
7556,3.4272
7557,3.4272
7558,3.4272
7559,3.4272
7560,3.4272
7561,3.4272
7562,3.4272
7563,3.4272
7564,3.4272
7565,3.4272
7566,3.4272
7567,3.4272
7568,3.4272
7569,3.4272
7570,3.4272
7571,3.4272
7572,3.4272
7573,3.4272
7574,3.4272
7575,3.4272
7576,3.4272
7577,3.4272
7578,3.4272
7579,3.4272
7580,3.4272
7581,3.4272
7582,3.4272
7583,3.4272
7584,3.4272
7585,3.4272
7586,3.4272
7587,3.4272
7588,3.4272
7589,3.4272
7590,3.4272
7591,3.4272
7592,3.4272
7593,3.4272
7594,3.4272
7595,3.4272
7596,3.4272
7597,3.4272
7598,3.4272
7599,3.4272
7600,3.4272
7601,3.4272
7602,3.4272
7603,3.4272
7604,3.4272
7605,3.4272
7606,3.4272
7607,3.4272
7608,3.4272
7609,3.4272
7610,3.4272
7611,3.4272
7612,3.4272
7613,3.4272
7614,3.4272
7615,3.4272
7616,3.4272
7617,3.4272
7618,3.4272
7619,3.4272
7620,3.4272
7621,3.4272
7622,3.4272
7623,3.4272
7624,3.4272
7625,3.4272
7626,3.4272
7627,3.4272
7628,3.4272
7629,3.4272
7630,3.4272
7631,3.4272
7632,3.4272
7633,3.4272
7634,3.4272
7635,3.4272
7636,3.4272
7637,3.4272
7638,3.4272
7639,3.4272
7640,3.4272
7641,3.4272
7642,3.4272
7643,3.4272
7644,3.4272
7645,3.4272
7646,3.4272
7647,3.4272
7648,3.4272
7649,3.4272
7650,3.4272
7651,3.4272
7652,3.4272
7653,3.4272
7654,3.4272
7655,3.4272
7656,3.4272
7657,3.4272
7658,3.4272
7659,3.4272
7660,3.4272
7661,3.4272
7662,3.4272
7663,3.4272
7664,3.4272
7665,3.4272
7666,3.4272
7667,3.4272
7668,3.4272
7669,3.4272
7670,3.4272
7671,3.4272
7672,3.4272
7673,3.4272
7674,3.4272
7675,3.4272
7676,3.4272
7677,3.4272
7678,3.4272
7679,3.4272
7680,3.4272
7681,3.4272
7682,3.4272
7683,3.4272
7684,3.4272
7685,3.4272
7686,3.4272
7687,3.4272
7688,3.4272
7689,3.4272
7690,3.4272
7691,3.4272
7692,3.4272
7693,3.4272
7694,3.4272
7695,3.4272
7696,3.4272
7697,3.4272
7698,3.4272
7699,3.4272
7700,3.4272
7701,3.4272
7702,3.4272
7703,3.4272
7704,3.4272
7705,3.4272
7706,3.4272
7707,3.4272
7708,3.4272
7709,3.4272
7710,3.4272
7711,3.4272
7712,3.4272
7713,3.4272
7714,3.4272
7715,3.4272
7716,3.4272
7717,3.4272
7718,3.4272
7719,3.4272
7720,3.4272
7721,3.4272
7722,3.4272
7723,3.4272
7724,3.4272
7725,3.4272
7726,3.4272
7727,3.4272
7728,3.4272
7729,3.4272
7730,3.4272
7731,3.4272
7732,3.4272
7733,3.4272
7734,3.4272
7735,3.4272
7736,3.4272
7737,3.4272
7738,3.4272
7739,3.4272
7740,3.4272
7741,3.4272
7742,3.4272
7743,3.4272
7744,3.4272
7745,3.4272
7746,3.4272
7747,3.4272
7748,3.4272
7749,3.4272
7750,3.4272
7751,3.4272
7752,3.4272
7753,3.4272
7754,3.4272
7755,3.4272
7756,3.4272
7757,3.4272
7758,3.4272
7759,3.4272
7760,3.4272
7761,3.4272
7762,3.4272
7763,3.4272
7764,3.4272
7765,3.4272
7766,3.4272
7767,3.4272
7768,3.4272
7769,3.4272
7770,3.4272
7771,3.4272
7772,3.4272
7773,3.4272
7774,3.4272
7775,3.4272
7776,3.4272
7777,3.4272
7778,3.4272
7779,3.4272
7780,3.4272
7781,3.4272
7782,3.4272
7783,3.4272
7784,3.4272
7785,3.4272
7786,3.4272
7787,3.4272
7788,3.4272
7789,3.4272
7790,3.4272
7791,3.4272
7792,3.4272
7793,3.4272
7794,3.4272
7795,3.4272
7796,3.4272
7797,3.4272
7798,3.4272
7799,3.4272
7800,3.4272
7801,3.4272
7802,3.4272
7803,3.4272
7804,3.4272
7805,3.4272
7806,3.4272
7807,3.4272
7808,3.4272
7809,3.4272
7810,3.4272
7811,3.4272
7812,3.4272
7813,3.4272
7814,3.4272
7815,3.4272
7816,3.4272
7817,3.4272
7818,3.4272
7819,3.4272
7820,3.4272
7821,3.4272
7822,3.4272
7823,3.4272
7824,3.4272
7825,3.4272
7826,3.4272
7827,3.4272
7828,3.4272
7829,3.4272
7830,3.4272
7831,3.4272
7832,3.4272
7833,3.4272
7834,3.4272
7835,3.4272
7836,3.4272
7837,3.4272
7838,3.4272
7839,3.4272
7840,3.4272
7841,3.4272
7842,3.4272
7843,3.4272
7844,3.4272
7845,3.4272
7846,3.4272
7847,3.4272
7848,3.4272
7849,3.4272
7850,3.4272
7851,3.4272
7852,3.4272
7853,3.4272
7854,3.4272
7855,3.4272
7856,3.4272
7857,3.4272
7858,3.4272
7859,3.4272
7860,3.4272
7861,3.4272
7862,3.4272
7863,3.4272
7864,3.4272
7865,3.4272
7866,3.4272
7867,3.4272
7868,3.4272
7869,3.4272
7870,3.4272
7871,3.4272
7872,3.4272
7873,3.4272
7874,3.4272
7875,3.4272
7876,3.4272
7877,3.4272
7878,3.4272
7879,3.4272
7880,3.4272
7881,3.4272
7882,3.4272
7883,3.4272
7884,3.4272
7885,3.4272
7886,3.4272
7887,3.4272
7888,3.4272
7889,3.4272
7890,3.4272
7891,3.4272
7892,3.4272
7893,3.4272
7894,3.4272
7895,3.4272
7896,3.4272
7897,3.4272
7898,3.4272
7899,3.4272
7900,3.4272
7901,3.4272
7902,3.4272
7903,3.4272
7904,3.4272
7905,3.4272
7906,3.4272
7907,3.4272
7908,3.4272
7909,3.4272
7910,3.4272
7911,3.4272
7912,3.4272
7913,3.4272
7914,3.4272
7915,3.4272
7916,3.4272
7917,3.4272
7918,3.4272
7919,3.4272
7920,3.4272
7921,3.4272
7922,3.4272
7923,3.4272
7924,3.4272
7925,3.4272
7926,3.4272
7927,3.4272
7928,3.4272
7929,3.4272
7930,3.4272
7931,3.4272
7932,3.4272
7933,3.4272
7934,3.4272
7935,3.4272
7936,3.4272
7937,3.4272
7938,3.4272
7939,3.4272
7940,3.4272
7941,3.4272
7942,3.4272
7943,3.4272
7944,3.4272
7945,3.4272
7946,3.4272
7947,3.4272
7948,3.4272
7949,3.4272
7950,3.4272
7951,3.4272
7952,3.4272
7953,3.4272
7954,3.4272
7955,3.4272
7956,3.4272
7957,3.4272
7958,3.4272
7959,3.4272
7960,3.4272
7961,3.4272
7962,3.4272
7963,3.4272
7964,3.4272
7965,3.4272
7966,3.4272
7967,3.4272
7968,3.4272
7969,3.4272
7970,3.4272
7971,3.4272
7972,3.4272
7973,3.4272
7974,3.4272
7975,3.4272
7976,3.4272
7977,3.4272
7978,3.4272
7979,3.4272
7980,3.4272
7981,3.4272
7982,3.4272
7983,3.4272
7984,3.4272
7985,3.4272
7986,3.4272
7987,3.4272
7988,3.4272
7989,3.4272
7990,3.4272
7991,3.4272
7992,3.7654
7993,3.7654
7994,3.7654
7995,3.7654
7996,3.7654
7997,3.7654
7998,3.7654
7999,3.7654
8000,3.7654
8001,3.7654
8002,3.7654
8003,3.7654
8004,3.7654
8005,3.7654
8006,3.7654
8007,3.7654
8008,3.7654
8009,3.7654
8010,3.7654
8011,3.7654
8012,3.7654
8013,3.7654
8014,3.7654
8015,3.7654
8016,3.7654
8017,3.7654
8018,3.7654
8019,3.7654
8020,3.7654
8021,3.7654
8022,3.7654
8023,3.7654
8024,3.7654
8025,3.7654
8026,3.7654
8027,3.7654
8028,3.7654
8029,3.7654
8030,3.7654
8031,3.7654
8032,3.7654
8033,3.7654
8034,3.7654
8035,3.7654
8036,3.7654
8037,3.7654
8038,3.7654
8039,3.7654
8040,3.7654
8041,3.7654
8042,3.7654
8043,3.7654
8044,3.7654
8045,3.7654
8046,3.7654
8047,3.7654
8048,3.7654
8049,3.7654
8050,3.7654
8051,3.7654
8052,3.7654
8053,3.7654
8054,3.7654
8055,3.7654
8056,3.7654
8057,3.7654
8058,3.7654
8059,3.7654
8060,3.7654
8061,3.7654
8062,3.7654
8063,3.7654
8064,3.7654
8065,3.7654
8066,3.7654
8067,3.7654
8068,3.7654
8069,3.7654
8070,3.7654
8071,3.7654
8072,3.7654
8073,3.7654
8074,3.7654
8075,3.7654
8076,3.7654
8077,3.7654
8078,3.7654
8079,3.7654
8080,3.7654
8081,3.7654
8082,3.7654
8083,3.7654
8084,3.7654
8085,3.7654
8086,3.7654
8087,3.7654
8088,3.7654
8089,3.7654
8090,3.7654
8091,3.7654
8092,3.7654
8093,3.7654
8094,3.7654
8095,3.7654
8096,3.7654
8097,3.7654
8098,3.7654
8099,3.7654
8100,3.7654
8101,3.7654
8102,3.7654
8103,3.7654
8104,3.7654
8105,3.7654
8106,3.7654
8107,3.7654
8108,3.7654
8109,3.7654
8110,3.7654
8111,3.7654
8112,3.7654
8113,3.7654
8114,3.7654
8115,3.7654
8116,3.7654
8117,3.7654
8118,3.7654
8119,3.7654
8120,3.7654
8121,3.7654
8122,3.7654
8123,3.7654
8124,3.7654
8125,3.7654
8126,3.7654
8127,3.7654
8128,3.7654
8129,3.7654
8130,3.7654
8131,3.7654
8132,3.7654
8133,3.7654
8134,3.7654
8135,3.7654
8136,3.7654
8137,3.7654
8138,3.7654
8139,3.7654
8140,3.7654
8141,3.7654
8142,3.7654
8143,3.7654
8144,3.7654
8145,3.7654
8146,3.7654
8147,3.7654
8148,3.7654
8149,3.7654
8150,3.7654
8151,3.7654
8152,3.7654
8153,3.7654
8154,3.7654
8155,3.7654
8156,3.7654
8157,3.7654
8158,3.7654
8159,3.7654
8160,3.7654
8161,3.7654
8162,3.7654
8163,3.7654
8164,3.7654
8165,3.7654
8166,3.7654
8167,3.7654
8168,3.7654
8169,3.7654
8170,3.7654
8171,3.7654
8172,3.7654
8173,3.7654
8174,3.7654
8175,3.7654
8176,3.7654
8177,3.7654
8178,3.7654
8179,3.7654
8180,3.7654
8181,3.7654
8182,3.7654
8183,3.7654
8184,3.7654
8185,3.7654
8186,3.7654
8187,3.7654
8188,3.7654
8189,3.7654
8190,3.7654
8191,3.7654
8192,3.7654
8193,3.7654
8194,3.7654
8195,3.7654
8196,3.7654
8197,3.7654
8198,3.7654
8199,3.7654
8200,3.7654
8201,3.7654
8202,3.7654
8203,3.7654
8204,3.7654
8205,3.7654
8206,3.7654
8207,3.7654
8208,3.7654
8209,3.7654
8210,3.7654
8211,3.7654
8212,3.7654
8213,3.7654
8214,3.7654
8215,3.7654
8216,3.7654
8217,3.7654
8218,3.7654
8219,3.7654
8220,3.7654
8221,3.7654
8222,3.7654
8223,3.7654
8224,3.7654
8225,3.7654
8226,3.7654
8227,3.7654
8228,3.7654
8229,3.7654
8230,3.7654
8231,3.7654
8232,3.7654
8233,3.7654
8234,3.7654
8235,3.7654
8236,3.7654
8237,3.7654
8238,3.7654
8239,3.7654
8240,3.7654
8241,3.7654
8242,3.7654
8243,3.7654
8244,3.7654
8245,3.7654
8246,3.7654
8247,3.7654
8248,3.7654
8249,3.7654
8250,3.7654
8251,3.7654
8252,3.7654
8253,3.7654
8254,3.7654
8255,3.7654
8256,3.7654
8257,3.7654
8258,3.7654
8259,3.7654
8260,3.7654
8261,3.7654
8262,3.7654
8263,3.7654
8264,3.7654
8265,3.7654
8266,3.7654
8267,3.7654
8268,3.7654
8269,3.7654
8270,3.7654
8271,3.7654
8272,3.7654
8273,3.7654
8274,3.7654
8275,3.7654
8276,3.7654
8277,3.7654
8278,3.7654
8279,3.7654
8280,3.7654
8281,3.7654
8282,3.7654
8283,3.7654
8284,3.7654
8285,3.7654
8286,3.7654
8287,3.7654
8288,3.7654
8289,3.7654
8290,3.7654
8291,3.7654
8292,3.7654
8293,3.7654
8294,3.7654
8295,3.7654
8296,3.7654
8297,3.7654
8298,3.7654
8299,3.7654
8300,3.7654
8301,3.7654
8302,3.7654
8303,3.7654
8304,3.7654
8305,3.7654
8306,3.7654
8307,3.7654
8308,3.7654
8309,3.7654
8310,3.7654
8311,3.7654
8312,3.7654
8313,3.7654
8314,3.7654
8315,3.7654
8316,3.7654
8317,3.7654
8318,3.7654
8319,3.7654
8320,3.7654
8321,3.7654
8322,3.7654
8323,3.7654
8324,3.7654
8325,3.7654
8326,3.7654
8327,3.7654
8328,3.7654
8329,3.7654
8330,3.7654
8331,3.7654
8332,3.7654
8333,3.7654
8334,3.7654
8335,3.7654
8336,3.7654
8337,3.7654
8338,3.7654
8339,3.7654
8340,3.7654
8341,3.7654
8342,3.7654
8343,3.7654
8344,3.7654
8345,3.7654
8346,3.7654
8347,3.7654
8348,3.7654
8349,3.7654
8350,3.7654
8351,3.7654
8352,3.7654
8353,3.7654
8354,3.7654
8355,3.7654
8356,3.7654
8357,3.7654
8358,3.7654
8359,3.7654
8360,3.7654
8361,3.7654
8362,3.7654
8363,3.7654
8364,3.7654
8365,3.7654
8366,3.7654
8367,3.7654
8368,3.7654
8369,3.7654
8370,3.7654
8371,3.7654
8372,3.7654
8373,3.7654
8374,3.7654
8375,3.7654
8376,3.7654
8377,3.7654
8378,3.7654
8379,3.7654
8380,3.7654
8381,3.7654
8382,3.7654
8383,3.7654
8384,3.7654
8385,3.7654
8386,3.7654
8387,3.7654
8388,3.7654
8389,3.7654
8390,3.7654
8391,3.7654
8392,3.7654
8393,3.7654
8394,3.7654
8395,3.7654
8396,3.7654
8397,3.7654
8398,3.7654
8399,3.7654
8400,3.7654
8401,3.7654
8402,3.7654
8403,3.7654
8404,3.7654
8405,3.7654
8406,3.7654
8407,3.7654
8408,3.7654
8409,3.7654
8410,3.7654
8411,3.7654
8412,3.7654
8413,3.7654
8414,3.7654
8415,3.7654
8416,3.7654
8417,3.7654
8418,3.7654
8419,3.7654
8420,3.7654
8421,3.7654
8422,3.7654
8423,3.7654
8424,3.7654
8425,3.7654
8426,3.7654
8427,3.7654
8428,3.7654
8429,3.7654
8430,3.7654
8431,3.7654
8432,3.7654
8433,3.7654
8434,3.7654
8435,3.7654
8436,3.7654
8437,3.7654
8438,3.7654
8439,3.7654
8440,3.7654
8441,3.7654
8442,3.7654
8443,3.7654
8444,3.7654
8445,3.7654
8446,3.7654
8447,3.7654
8448,3.7654
8449,3.7654
8450,3.7654
8451,3.7654
8452,3.7654
8453,3.7654
8454,3.7654
8455,3.7654
8456,3.7654
8457,3.7654
8458,3.7654
8459,3.7654
8460,3.7654
8461,3.7654
8462,3.7654
8463,3.7654
8464,3.7654
8465,3.7654
8466,3.7654
8467,3.7654
8468,3.7654
8469,3.7654
8470,3.7654
8471,3.7654
8472,3.7654
8473,3.7654
8474,3.7654
8475,3.7654
8476,3.7654
8477,3.7654
8478,3.7654
8479,3.7654
8480,3.7654
8481,3.7654
8482,3.7654
8483,3.7654
8484,3.7654
8485,3.7654
8486,3.7654
8487,3.7654
8488,3.7654
8489,3.7654
8490,3.7654
8491,3.7654
8492,3.7654
8493,3.7654
8494,3.7654
8495,3.7654
8496,3.7654
8497,3.7654
8498,3.7654
8499,3.7654
8500,3.7654
8501,3.7654
8502,3.7654
8503,3.7654
8504,3.7654
8505,3.7654
8506,3.7654
8507,3.7654
8508,3.7654
8509,3.7654
8510,3.7654
8511,3.7654
8512,3.7654
8513,3.7654
8514,3.7654
8515,3.7654
8516,3.7654
8517,3.7654
8518,3.7654
8519,3.7654
8520,3.7654
8521,3.7654
8522,3.7654
8523,3.7654
8524,3.7654
8525,3.7654
8526,3.7654
8527,3.7654
8528,3.7654
8529,3.7654
8530,3.7654
8531,3.7654
8532,3.7654
8533,3.7654
8534,3.7654
8535,3.7654
8536,3.7654
8537,3.7654
8538,3.7654
8539,3.7654
8540,3.7654
8541,3.7654
8542,3.7654
8543,3.7654
8544,3.7654
8545,3.7654
8546,3.7654
8547,3.7654
8548,3.7654
8549,3.7654
8550,3.7654
8551,3.7654
8552,3.7654
8553,3.7654
8554,3.7654
8555,3.7654
8556,3.7654
8557,3.7654
8558,3.7654
8559,3.7654
8560,3.7654
8561,3.7654
8562,3.7654
8563,3.7654
8564,3.7654
8565,3.7654
8566,3.7654
8567,3.7654
8568,3.7654
8569,3.7654
8570,3.7654
8571,3.7654
8572,3.7654
8573,3.7654
8574,3.7654
8575,3.7654
8576,3.7654
8577,3.7654
8578,3.7654
8579,3.7654
8580,3.7654
8581,3.7654
8582,3.7654
8583,3.7654
8584,3.7654
8585,3.7654
8586,3.7654
8587,3.7654
8588,3.7654
8589,3.7654
8590,3.7654
8591,3.7654
8592,3.7654
8593,3.7654
8594,3.7654
8595,3.7654
8596,3.7654
8597,3.7654
8598,3.7654
8599,3.7654
8600,3.7654
8601,3.7654
8602,3.7654
8603,3.7654
8604,3.7654
8605,3.7654
8606,3.7654
8607,3.7654
8608,3.7654
8609,3.7654
8610,3.7654
8611,3.7654
8612,3.7654
8613,3.7654
8614,3.7654
8615,3.7654
8616,3.7654
8617,3.7654
8618,3.7654
8619,3.7654
8620,3.7654
8621,3.7654
8622,3.7654
8623,3.7654
8624,3.7654
8625,3.7654
8626,3.7654
8627,3.7654
8628,3.7654
8629,3.7654
8630,3.7654
8631,3.7654
8632,3.7654
8633,3.7654
8634,3.7654
8635,3.7654
8636,3.7654
8637,3.7654
8638,3.7654
8639,3.7654
8640,3.7654
8641,3.7654
8642,3.7654
8643,3.7654
8644,3.7654
8645,3.7654
8646,3.7654
8647,3.7654
8648,3.7654
8649,3.7654
8650,3.7654
8651,3.7654
8652,3.7654
8653,3.7654
8654,3.7654
8655,3.7654
8656,3.7654
8657,3.7654
8658,3.7654
8659,3.7654
8660,3.7654
8661,3.7654
8662,3.7654
8663,3.7654
8664,3.7654
8665,3.7654
8666,3.7654
8667,3.7654
8668,3.7654
8669,3.7654
8670,3.7654
8671,3.7654
8672,3.7654
8673,3.7654
8674,3.7654
8675,3.7654
8676,3.7654
8677,3.7654
8678,3.7654
8679,3.7654
8680,3.7654
8681,3.7654
8682,3.7654
8683,3.7654
8684,3.7654
8685,3.7654
8686,3.7654
8687,3.7654
8688,3.7654
8689,3.7654
8690,3.7654
8691,3.7654
8692,3.7654
8693,3.7654
8694,3.7654
8695,3.7654
8696,3.7654
8697,3.7654
8698,3.7654
8699,3.7654
8700,3.7654
8701,3.7654
8702,3.7654
8703,3.7654
8704,3.7654
8705,3.7654
8706,3.7654
8707,3.7654
8708,3.7654
8709,3.7654
8710,3.7654
8711,3.7654
8712,3.7654
8713,3.7654
8714,3.7654
8715,3.7654
8716,3.7654
8717,3.7654
8718,3.7654
8719,3.7654
8720,3.7654
8721,3.7654
8722,3.7654
8723,3.7654
8724,3.7654
8725,3.7654
8726,3.7654
8727,3.7654
8728,3.7654
8729,3.7654
8730,3.7654
8731,3.7654
8732,3.7654
8733,3.7654
8734,3.7654
8735,3.7654
8736,3.8446
8737,3.8446
8738,3.8446
8739,3.8446
8740,3.8446
8741,3.8446
8742,3.8446
8743,3.8446
8744,3.8446
8745,3.8446
8746,3.8446
8747,3.8446
8748,3.8446
8749,3.8446
8750,3.8446
8751,3.8446
8752,3.8446
8753,3.8446
8754,3.8446
8755,3.8446
8756,3.8446
8757,3.8446
8758,3.8446
8759,3.8446
